Ministry,Division,Office,Primary_Officer_Name,Primary_Designation,Primary_Phone,Primary_Mobile,Primary_Email,Primary_Address,Primary_Image_URL,Alternate_Officer_Name,Alternate_Designation,Alternate_Phone,Alternate_Mobile,Alternate_Email,Alternate_Address,Alternate_Image_URL,Appellate_Officer_Name,Appellate_Designation,Appellate_Phone,Appellate_Mobile,Appellate_Email,Appellate_Address,Appellate_Image_URL,Website_Link,Last_Updated
অর্থ মন্ত্রণালয়,অভ্যন্তরীণ সম্পদ বিভাগ,অভ্যন্তরীণ সম্পদ বিভাগ,মোহাম্মদ নাসির উদ্দিন সরোয়ার,উপসচিব,,,admin.br2@ird.gov.bd,প্রশাসন-২ অধিশাখা,https://objectstorage.ap-dcc-gazipur-1.oraclecloud15.com/n/axvjbnqprylg/b/V2Ministry/o/office-ird/2026/7/ecce8b48-31d0-4d69-80d7-a32697bb8f30.jpg,মো: মাহফুজুল হক (২০৭০৫),সিনিয়র সহকারী সচিব,+৮৮০২৫৫১০০৫২৭,+৮৮০১৬১৭৭৮১৬৯০,admin1@ird.gov.bd,"প্রশাসন-১ (সংস্থাপন), প্রশাসন-২ (সমন্বয়), কর্মসম্পাদন ব্যবস্থাপনা",https://objectstorage.ap-dcc-gazipur-1.oraclecloud15.com/n/axvjbnqprylg/b/V2Ministry/o/office-ird/2026/8/e86a1bf7-ac44-417d-b7f5-9a9ba32a9dc3.jpg,আহসান হাবিব,ভারপ্রাপ্ত সচিব,+৮৮ ০২২২৩৩৫৪৮৮২,,secretary@ird.gov.bd,সচিবের দপ্তর,https://objectstorage.ap-dcc-gazipur-1.oraclecloud15.com/n/axvjbnqprylg/b/V2Ministry/o/office-ird/2026/5/fb95f040-34d3-47fd-8a20-b36a639f4623.jpg,https://ird.gov.bd/views/info-officers,2026-09-29
অর্থ মন্ত্রণালয়,অভ্যন্তরীণ সম্পদ বিভাগ,জাতীয় রাজস্ব বোর্ড,,,,,,,,,,,,,,,,,,,,,,https://nbr.gov.bd/information-library/oicaa/eng,2026-09-28
অর্থ মন্ত্রণালয়,অভ্যন্তরীণ সম্পদ বিভাগ,জাতীয় সঞ্চয় অধিদপ্তর,মোঃ এনায়েত হোসেন,"উপপরিচালক( নীতি, অডিট ও আইন)",০২-২২৩৩৫৭৮০৪,০১৭৬৪-৪৪৫৫৮৪,d.enayet@gmail.com,,https://objectstorage.ap-dcc-gazipur-1.oraclecloud15.com/n/axvjbnqprylg/b/V2Ministry/o/office-nationalsavings/2024/12/3cc684847d7541f9b46f5760147ce3e3.jpg,মোঃ আমান উল্ল্যা,সহকারী পরিচালক (নীতি),০২-২২৩৩৫৭৮০৪,০১৯১৮৯১৫১৬৫,adpolicy67@gmail.com,,https://objectstorage.ap-dcc-gazipur-1.oraclecloud15.com/n/axvjbnqprylg/b/V2Ministry/o/office-nationalsavings/2024/12/b4e776cb1fe9478991370beaa9d61386.jpg,আহসান হাবিব,ভারপ্রাপ্ত সচিব,+৮৮ ০২২২৩৩৫৪৮৮২,,secretary@ird.gov.bd,"অভ্যন্তরীণ সম্পদ বিভাগ, অর্থমন্ত্রণালয়, বাংলাদেশ সচিবালয়, ঢাকা।",,https://nationalsavings.gov.bd/views/info-officers,2026-09-29
অর্থ মন্ত্রণালয়,অর্থ বিভাগ,অর্থ বিভাগ,তাসলিমা মোস্তারী,উপসচিব,৫৫১০১৩৫৭,,admin-1@finance.gov.bd,প্রশাসন-১ শাখা,https://objectstorage.ap-dcc-gazipur-1.oraclecloud15.com/n/axvjbnqprylg/b/V2Ministry/o/office-mof/2026/1/030abc32-2b15-40e6-ae3a-61061d38eeba.jpeg,তাহমিনা পারভীন,উপসচিব,০২-৫৫১০০১৮১,০১৭২৭৪২০৯২৯,tahaminabcs30@gmail.com,প্রশাসন-২ শাখা,https://objectstorage.ap-dcc-gazipur-1.oraclecloud15.com/n/axvjbnqprylg/b/V2Ministry/o/office-mof/2026/3/4e9f9a21-8721-4987-89bd-207f7b35db92.jpg,ড. মোঃ খায়েরুজ্জামান মজুমদার,সচিব,+৮৮-০২-৯৫১২২০১,,secretary@finance.gov.bd,অর্থ বিভাগ,https://objectstorage.ap-dcc-gazipur-1.oraclecloud15.com/n/axvjbnqprylg/b/V2Ministry/o/office-mof/2024/12/e8ca29a02726432e9c18053f58a52ab1.jpg,https://mof.gov.bd/views/info-officers,2026-09-29
অর্থ মন্ত্রণালয়,অর্থনৈতিক সম্পর্ক বিভাগ,অর্থনৈতিক সম্পর্ক বিভাগ,আহম্মদ আলী (১৬৭৯৪),উপসচিব,০২-৯১৮০৭৯৮,০১৮৪২৪৩০৯১৯,budget@erd.gov.bd,"বাজেট ব্যবস্থাপনা শাখা, রুম#২১, ব্লক#১০",https://objectstorage.ap-dcc-gazipur-1.oraclecloud15.com/n/axvjbnqprylg/b/V2Ministry/o/office-erd/2024/12/96552472ec7c44fdb860663c53ddeef3.jpeg,মোঃ আতাউর রহমান (২০৬৭৭),সিনিয়র সহকারী সচিব,৪৮১১২৬৬০,০১৭২১১৬৯০৯১,admin4@erd.gov.bd,"প্রশাসন-৪ শাখা, রুম#১৭, ব্লক#১০",https://objectstorage.ap-dcc-gazipur-1.oraclecloud15.com/n/axvjbnqprylg/b/V2Ministry/o/office-erd/2024/12/e2c19ebc08564a4a8b55bed5c71d54e8.png,মোঃ শাহ্‌রিয়ার কাদের ছিদ্দিকী,সচিব,+৮৮-০২-২২২২১৬৭০১,,secretary@erd.gov.bd,"রুম#০৩, ব্লক#০৮, ইআরডি",https://objectstorage.ap-dcc-gazipur-1.oraclecloud15.com/n/axvjbnqprylg/b/V2Ministry/o/office-erd/2024/12/0ce910c52caf4cdc88f4e52a5e16fb16.png,https://erd.gov.bd/views/info-officers,2026-09-29
অর্থ মন্ত্রণালয়,আর্থিক প্রতিষ্ঠান বিভাগ,আর্থিক প্রতিষ্ঠান বিভাগ,মোহাম্মদ অতুল মণ্ডল (১৫৭৭১),উপসচিব,০২-২২৩৩৫৪৪২৭,০১৭১১-৯৭৭৭১১,ds.mra@fid.gov.bd,ক্ষুদ্রঋণ- ১ ও ২ শাখা,https://objectstorage.ap-dcc-gazipur-1.oraclecloud15.com/n/axvjbnqprylg/b/V2Ministry/o/office-fid/2024/12/eaa4e773e1964f638c919252e09ba2e9.jpeg,ইফতেখাইরুল করিম (৮৩৫৭),উপসচিব,০২-৫৫১০১৩৮৭,০১৭১৮৪৩৯১০৯,ds.council@fid.gov.bd,সমন্বয় ও কাউন্সিল শাখা,https://objectstorage.ap-dcc-gazipur-1.oraclecloud15.com/n/axvjbnqprylg/b/V2Ministry/o/office-fid/2024/12/0f70acc9d3c84d818848a275e912fc80.jpeg,নাজমা মোবারেক (৫৯৭৫),সচিব,০২২২৩৩৫৬০১৩,,secretary@fid.gov.bd,আর্থিক প্রতিষ্ঠান বিভাগ,https://objectstorage.ap-dcc-gazipur-1.oraclecloud15.com/n/axvjbnqprylg/b/V2Ministry/o/office-fid/2024/12/3a71cf8a68c6435a9d28e865600d1594.png,https://fid.gov.bd/views/info-officers,2026-09-30
অর্থ মন্ত্রণালয়,আর্থিক প্রতিষ্ঠান বিভাগ,ইনভেস্টমেন্ট কর্পোরেশন অব বাংলাদেশ,,,,,,,,,,,,,,,,,,,,,,https://icb.gov.bd/views/info-officers,2026-09-28
অর্থ মন্ত্রণালয়,আর্থিক প্রতিষ্ঠান বিভাগ,কর্মসংস্থান ব্যাংক,মো: মঞ্জুরুল হক,সহকারী মহাব্যবস্থাপক,০২-৪১০৫০৫৭০,,bsprd@kb.gov.bd,পর্ষদ সচিবালয়,https://objectstorage.ap-dcc-gazipur-1.oraclecloud15.com/n/axvjbnqprylg/b/V2Ministry/o/office-kb/2026/8/2211530c-a4bf-4cfc-b508-e4f553bfcc87.jpg,মোহাম্মদ আব্দুল আলীম,সহকারী মহাব্যবস্থাপক,,০১৭১৮৬২০৮৭৩,md@kb.gov.bd,ব্যবস্থাপনা পরিচালকের সচিবালয়,https://objectstorage.ap-dcc-gazipur-1.oraclecloud15.com/n/axvjbnqprylg/b/V2Ministry/o/office-kb/2026/8/987007b4-3204-43bf-8e51-4af0fa5afe7a.jpeg,জনাব অরুন কুমার চৌধুরী,ব্যবস্থাপনা পরিচালক,০২-৪১০৫০৫৭৯,,md@kb.gov.bd,ব্যবস্থাপনা পরিচালক মহোদয়ের কার্যালয়,https://objectstorage.ap-dcc-gazipur-1.oraclecloud15.com/n/axvjbnqprylg/b/V2Ministry/o/office-kb/2024/12/3e7c314c5b794da49330eecd04e58d99.png,https://kb.gov.bd/views/info-officers,2026-09-30
অর্থ মন্ত্রণালয়,আর্থিক প্রতিষ্ঠান বিভাগ,জীবন বীমা কর্পোরেশন,মোঃ মিজানুর রহমান,ম্যানেজার,০২৪১০৫২৮৮১,০১৭১১৯৭১১৫৪,mizanurjbc1968@gmail.com,"জনসংযোগ বিভাগ, প্রধান কার্যালয়, ঢাকা।",https://objectstorage.ap-dcc-gazipur-1.oraclecloud15.com/n/axvjbnqprylg/b/V2Ministry/o/office-jbc/2024/12/bcdddd9858e646d69411064739d151a6.jpg,মোঃ মাহবুবুল হক,সহকারী জেনারেল ম্যানেজার,০২২২৩৩৫৯৩৮৩,০১৫৫৪৩২২০৪৮,mahbubulhoquejbc@gmail.com,"কর্মচারী প্রশাসন বিভাগ, প্রধান কার্যালয়",https://objectstorage.ap-dcc-gazipur-1.oraclecloud15.com/n/axvjbnqprylg/b/V2Ministry/o/office-jbc/2024/12/8fafca90659f46d6bb28b05aac59408f.JPG,,,,,,,,https://jbc.gov.bd/views/info-officers,2026-09-29
অর্থ মন্ত্রণালয়,আর্থিক প্রতিষ্ঠান বিভাগ,বাংলাদেশ কৃষি ব্যাংক,মোঃ আব্দুস সামাদ,উপ-মহাব্যবস্থাপক,০২-২২৩৩৫৪০২৫,০২-২২৩৩৫৪০২৫,dgmbcbd@krishibank.org.bd,"শাখা নিয়ন্ত্রণ ও ব্যবসা উন্নয়ন বিভাগ প্রধান কার্যালয়, বাংলাদেশ কৃষি ব্যাংক ৮৩-৮৫ মতিঝিল সি/এ, ঢাকা-১০০০।",,কে. এম. হাবিব-উন-নবী,উপ-মহাব্যবস্থাপক,০২-২২২৩৩৮৪৪১৪,০২-২২২৩৩৮৪৪১৪,cpro@krishibank.org.bd,"জনসংযোগ ও প্রটোকল বিভাগ প্রধান কার্যালয়, বাংলাদেশ কৃষি ব্যাংক ৮৩-৮৫ মতিঝিল সি/এ, ঢাকা-১০০০।",,সঞ্চিয়া বিনতে আলী,ব্যবস্থাপনা পরিচালক,০২-২২৩৩৫৭০২৫,০২-২২৩৩৫৭০২৫,md@krishibank.org.bd,"প্রধান কার্যালয়, বাংলাদেশ কৃষি ব্যাংক ৮৩-৮৫ মতিঝিল সি/এ, ঢাকা-১০০০।",,https://krishibank.gov.bd/views/info-officers,2026-09-29
অর্থ মন্ত্রণালয়,আর্থিক প্রতিষ্ঠান বিভাগ,বাংলাদেশ সিকিউরিটিজ এন্ড একচেঞ্জ কমিশন,,,,,,,,,,,,,,,,,,,,,,https://sec.gov.bd/views/info-officers,2026-09-28
অর্থ মন্ত্রণালয়,আর্থিক প্রতিষ্ঠান বিভাগ,মাইক্রোক্রেডিট রেগুলেটরী অথরিটি,,,,,,,,,,,,,,,,,,,,,,https://mra.gov.bd/views/info-officers,2026-09-28
অর্থ মন্ত্রণালয়,আর্থিক প্রতিষ্ঠান বিভাগ,সাধারণ বীমা কর্পোরেশন,জনাব শাহ্ মুহাম্মাদ সানওয়ার আলম,ডেপুটি জেনারেল ম্যানেজার,+৮৮-০২-৪১০৫২০৯৭,০১৭১৫৮৯৪৬২১,shah.sanwar@sbc.gov.bd,"আইটি বিভাগ, সাধারণ বীমা কর্পোরেশন, প্রধান কার্যালয়, ৩৩, দিলকুশা বা/এ, ঢাকা-১০০০, বাংলাদেশ।",,জনাব এমদাদুল হক,সিনিয়র প্রোগ্রামার,,+৮৮-০১৭১০৫৯৬৭১৪,a.haque@sbc.gov.bd,"আইটি বিভাগ, সাধারণ বীমা কর্পোরেশন, প্রধান কার্যালয়, ৩৩, দিলকুশা বা/এ, ঢাকা-১০০০, বাংলাদেশ।",,,,,,,,,https://sbc.gov.bd/views/info-officers,2026-09-29
"আইন, বিচার ও সংসদ বিষয়ক মন্ত্রণালয়",আইন ও বিচার বিভাগ,আইন ও বিচার বিভাগ,,,,,,,,মো. সাইফুদ্দীন হোসাইন,সিনিয়র সহকারী সচিব,২২৩৩৫৭৪১৬,,section1@lawjusticediv.gov.bd,"বিচার শাখা-১, আইন ও বিচার বিভাগ",https://objectstorage.ap-dcc-gazipur-1.oraclecloud15.com/n/axvjbnqprylg/b/V2Ministry/o/office-lawjusticediv/2026/3/8dbe7810-0b1e-4764-a474-fe53d7fa68e1.jpg,লিয়াকত আলী মোল্লা,সচিব,+৮৮-০২-৯৫১৫৯৯৯,,secretary@lawjusticediv.gov.bd,আইন ও বিচার বিভাগ,https://objectstorage.ap-dcc-gazipur-1.oraclecloud15.com/n/axvjbnqprylg/b/V2Ministry/o/office-lawjusticediv/2024/12/df799ee0d2124c8894ba5e67c2d32202.jpg,https://lawjusticediv.gov.bd/views/info-officers,2026-09-29
"আইন, বিচার ও সংসদ বিষয়ক মন্ত্রণালয়",আইন ও বিচার বিভাগ,নিবন্ধন অধিদপ্তর,জনাব মোঃ আব্দুল বারী,"সহকারী মহা-পরিদর্শক, নিবন্ধন, এস্টেট, উন্নয়ন, তথ্য ও জনসংযোগ এবং আইন, তদন্ত ও মতামত।",,০১৬২৫০৯৯৮৪১,,নিবন্ধন অধিদপ্তর,https://objectstorage.ap-dcc-gazipur-1.oraclecloud15.com/n/axvjbnqprylg/b/V2Ministry/o/office-rd/2026/7/569525ee-2702-42c6-bf33-47b5575cfdce.jpeg,,,,,,,,এম এ আউয়াল,যুগ্মসচিব (মতামত),২২৩৩৫৭৪১৮,,js.opinion@lawjusticediv.gov.bd,আইন ও বিচার বিভাগ,https://objectstorage.ap-dcc-gazipur-1.oraclecloud15.com/n/axvjbnqprylg/b/V2Ministry/o/office-lawjusticediv/2024/12/4dccb35b35e342dba76801172ed28594.jpg,https://rd.gov.bd/views/info-officers,2026-09-29
"আইন, বিচার ও সংসদ বিষয়ক মন্ত্রণালয়",আইন ও বিচার বিভাগ,বাংলাদেশ আইনগত সহায়তা অধিদপ্তর,মাসুদা ইয়াসমিন,উপ-পরিচালক (প্রশাসন) (অতিরিক্ত জেলা জজ) (সার্ভিস আইডি-২০১০২০৪১৪৫),০২-৪১০৩২২৯২,,ddadmin@dbla.gov.bd,বাংলাদেশ আইনগত সহায়তা অধিদপ্তর,https://objectstorage.ap-dcc-gazipur-1.oraclecloud15.com/n/axvjbnqprylg/b/V2Ministry/o/office-nlaso/2024/12/b7b2c1e468924e999a5f718208780f14.jpg,মোঃ আশরাফুজ্জামান,সহকারী পরিচালক-মনিটরিং (সিনিয়র সিভিল জজ) (সার্ভিস আইডি-2018211127),০২-৪১০৩২২৯৫,,admonitoring@dbla.gov.bd,বাংলাদেশ আইনগত সহায়তা অধিদপ্তর,https://objectstorage.ap-dcc-gazipur-1.oraclecloud15.com/n/axvjbnqprylg/b/V2Ministry/o/office-nlaso/2024/12/5d6a45c49b2b463981322882277ff4b9.jpeg,শাহরিয়ার আরাফাত,উপসচিব (মতামত-৩) [যুগ্মসচিব],,০১৮১৯৪৩৬০৪৮,ds.opinion3@gmail.com,আইন ও বিচার বিভাগ,https://objectstorage.ap-dcc-gazipur-1.oraclecloud15.com/n/axvjbnqprylg/b/V2Ministry/o/office-lawjusticediv/2026/0/4e87bce8-fc46-4c2b-a196-0c270290692a.jpg,https://nlaso.gov.bd/views/info-officers,2026-09-30
"আইন, বিচার ও সংসদ বিষয়ক মন্ত্রণালয়","আইন, বিচার ও সংসদ বিষয়ক মন্ত্রণালয়","আইন, বিচার ও সংসদ বিষয়ক মন্ত্রণালয়",,,,,,,,,,,,,,,,,,,,,,https://minlaw.gov.bd/views/info-officers,সেপ্টেম্বর ২০২৬
"আইন, বিচার ও সংসদ বিষয়ক মন্ত্রণালয়",বাংলাদেশ জাতীয় সংসদ সচিবালয়,বাংলাদেশ জাতীয় সংসদ সচিবালয়,,,,,,,,,,,,,,,,,,,,,,https://parliament.gov.bd/views/info-officers,সেপ্টেম্বর ২০২৬
"আইন, বিচার ও সংসদ বিষয়ক মন্ত্রণালয়",লেজিসলেটিভ ও সংসদ বিষয়ক বিভাগ,জাতীয় মানবাধিকার কমিশন বাংলাদেশ,,,,,,,,,,,,,,,,,,,,,,https://nhrc.org.bd/views/info-officers,2026-09-28
"আইন, বিচার ও সংসদ বিষয়ক মন্ত্রণালয়",লেজিসলেটিভ ও সংসদ বিষয়ক বিভাগ,লেজিসলেটিভ ও সংসদ বিষয়ক বিভাগ,মোঃ মুনিরুজ্জামান (LD0009),যুগ্মসচিব (ড্রাফটিং) এবং সংসদ সমন্বয়ক,০২২২৩৩৯০৬৫২,০১৭১২৬৮১৮১৩,munir@legislativediv.gov.bd,লেজিসলেটিভ ও সংসদ বিষয়ক বিভাগ,https://objectstorage.ap-dcc-gazipur-1.oraclecloud15.com/n/axvjbnqprylg/b/V2Ministry/o/office-legislativediv/2024/12/91afd4d1f2ec4e6685d85d4bc08715be.jpg,মোঃ আশিকুজ্জামান (LD0034),সিনিয়র সহকারী সচিব (ড্রাফটিং),০২২২৩৩৮৯৪৮৭,০১৯১২৮০৪৩৫২,ma.zaman@legislativediv.gov.bd,লেজিসলেটিভ ও সংসদ বিষয়ক বিভাগ,https://objectstorage.ap-dcc-gazipur-1.oraclecloud15.com/n/axvjbnqprylg/b/V2Ministry/o/office-legislativediv/2024/12/357bbef01e6d43339cd84a878617fda7.jpg,ড. হাফিজ আহমেদ চৌধুরী (LD0001),সচিব,০২৫৫১০০০৯৮,০১৭১৩৩১৯৩৭৭,secretary@legislativediv.gov.bd,লেজিসলেটিভ ও সংসদ বিষয়ক বিভাগ,https://objectstorage.ap-dcc-gazipur-1.oraclecloud15.com/n/axvjbnqprylg/b/V2Ministry/o/office-legislativediv/2026/2/d04d48ad-6fd7-4b93-99c2-60b0500b5058.jpg,https://legislativediv.gov.bd/views/info-officers,2026-09-29
কৃষি মন্ত্রণালয়,কৃষি মন্ত্রণালয়,কৃষি বিপণন অধিদপ্তর,মোঃ আল আমিন সরকার,প্রোগ্রামার,০২-৫৫০২৮৪৪২,০১৭১৩৭২৮৭৩০/০১৩৩২৮১৩০০৩,programmer@dam.gov.bd,কৃষি বিপণন অধিদপ্তর,https://objectstorage.ap-dcc-gazipur-1.oraclecloud15.com/n/axvjbnqprylg/b/V2Ministry/o/office-dam/2024/12/d8e4817b821d44cfbe0d3d196d2f2853.jpg,শাহ আজমাইন হাবীব (০২৪১০০৪),সহকারী পরিচালক (অতিরিক্ত দায়িত্ব),০২-৫৫০২৮৪৩৮,০১৫২১২৫৮৪৫৯,omi5929@gmail.com,কৃষি বিপণন অধিদপ্তর,https://objectstorage.ap-dcc-gazipur-1.oraclecloud15.com/n/axvjbnqprylg/b/V2Ministry/o/office-dam/2026/4/564726c2-77dd-4400-b300-3cef3033277c.png,মোঃ সেলিম খান (৬৫৫১),সচিব,৫৫১০০১০০,,secretary@moa.gov.bd,কৃষি মন্ত্রণালয়,https://objectstorage.ap-dcc-gazipur-1.oraclecloud15.com/n/axvjbnqprylg/b/V2Ministry/o/office-moa/2026/7/04e567ef-6671-4b8d-b1c4-b57c7b1c65c4.jpg,https://dam.gov.bd/views/info-officers,2026-09-30
কৃষি মন্ত্রণালয়,কৃষি মন্ত্রণালয়,কৃষি মন্ত্রণালয়,উম্মুল বানীন দ্যুতি,উপসচিব (প্রশাসন-৩),৫৫১০০৮৮৫,০১৮৪৫৬৩০০৯৩,admin3@moa.gov.bd,"ভবন নং # ০৪, কৃষি মন্ত্রণালয় , বাংলাদেশ সচিবালয়, ঢাকা",https://objectstorage.ap-dcc-gazipur-1.oraclecloud15.com/n/axvjbnqprylg/b/V2Ministry/o/office-moa/2024/12/0a5a8514275742ea993902cf198ebd9b.jpg,ড. মো: হাতেম আলী,উপসচিব (প্রশাসন-২),৫৫১০০১২৬,০১৭১১১১৬৬০৫,admin2@moa.gov.bd,"ভবন নং # ০৪, কৃষি মন্ত্রণালয় , বাংলাদেশ সচিবালয়, ঢাকা",https://objectstorage.ap-dcc-gazipur-1.oraclecloud15.com/n/axvjbnqprylg/b/V2Ministry/o/office-moa/2024/12/2b55ccada3e942a18fe83de72e1add5a.jpg,ড. মোহাম্মদ এমদাদ উল্লাহ মিয়ান,সচিব,৫৫১০০১০০,,secretary@moa.gov.bd,"ভবন নং # ০৪, কৃষি মন্ত্রণালয় , বাংলাদেশ সচিবালয়, ঢাকা",https://objectstorage.ap-dcc-gazipur-1.oraclecloud15.com/n/axvjbnqprylg/b/V2Ministry/o/office-moa/2024/12/2503a9fb7cf04249a7a78a07a24c39c0.jpg,https://moa.gov.bd/views/info-officers,2026-09-30
কৃষি মন্ত্রণালয়,কৃষি মন্ত্রণালয়,কৃষি সম্প্রসারণ অধিদপ্তর,,,,,,,,,,,,,,,,,,,,,,https://dae.gov.bd/views/info-officers,2026-09-28
কৃষি মন্ত্রণালয়,কৃষি মন্ত্রণালয়,বরেন্দ্র বহুমুখী উন্নয়ন কর্তৃপক্ষ,মোঃ আশরাফুল ইসলাম,মনিটরিং অফিসার (ইনচার্জ),০৭২১-৭৬১১৬৩,০১৫৫৮৪২৩১১৩,mobmda@bmda.gov.bd,"বিএমডিএ, প্রধান কার্যালয়, রাজশাহী",,মোঃ মাহফুজুল হক,উপ-পরিচালক,,০১৭১২২৪০৬৭৭,mahfuzprobmda@gmail.com,"বিএমডিএ, প্রধান কার্যালয়, রাজশাহী",,জনাব আবু সাঈদ মো: কামরুজ্জামান এনডিসি,নির্বাহী পরিচালক (অতিরিক্ত সচিব),০২৫৮৮৮৬২৬৬৮,,bmdahq@bmda.gov.bd,"বিএমডিএ, প্রধান কার্যালয়, রাজশাহী",,https://bmda.gov.bd/views/info-officers,2026-09-29
কৃষি মন্ত্রণালয়,কৃষি মন্ত্রণালয়,বাংলাদেশ কৃষি উন্নয়ন কর্পোরেশন (বিএডিসি),মেরিনা সারমীন,মহাব্যবস্থাপক (তদন্ত),০২-২২৩৩৮২৭৭৪,০১৯৯৮৭৭০০১০,gminquiry@badc.gov.bd,তদন্ত বিভাগ,https://objectstorage.ap-dcc-gazipur-1.oraclecloud15.com/n/axvjbnqprylg/b/V2Ministry/o/office-badc/2024/12/70632470f66f4aad910ccf0287de84af.jpg,এস এ এম এস এম সাঈব,জনসংযোগ কর্মকর্তা,০২-২২৩৩৫৭৬৮৫,০১৯৯৮৭৭০০২৯,pro@badc.gov.bd,"জনসংযোগ বিভাগ, বিএডিসি",https://objectstorage.ap-dcc-gazipur-1.oraclecloud15.com/n/axvjbnqprylg/b/V2Ministry/o/office-badc/2024/12/2c24b162a51e454fa66ae5664b1bcead.jpg,মোঃ সেলিম খান (৬৫৫১),সচিব,৫৫১০০১০০,,secretary@moa.gov.bd,কৃষি মন্ত্রণালয়,https://objectstorage.ap-dcc-gazipur-1.oraclecloud15.com/n/axvjbnqprylg/b/V2Ministry/o/office-moa/2026/7/04e567ef-6671-4b8d-b1c4-b57c7b1c65c4.jpg,https://badc.gov.bd/views/info-officers,2026-09-29
কৃষি মন্ত্রণালয়,কৃষি মন্ত্রণালয়,বাংলাদেশ কৃষি গবেষণা ইনস্টিটিউট,ড. মো. উবায়দুল্লাহ কায়ছার (BARI0207),মুখ্য বৈজ্ঞানিক কর্মকর্তা,০২-৩৩৪৪০০৫০৬,০১৫৫২-৪১০৮১২,mokaisar@yahoo.com,"এএসআইসিটি বিভাগ, বারি, গাজীপুর",https://objectstorage.ap-dcc-gazipur-1.oraclecloud15.com/n/axvjbnqprylg/b/V2Ministry/o/office-bari/2024/12/7b0a6295008c4c23bc4e78c1e9757d10.png,ড. নূর মোহাম্মদ (BARI0653),ঊর্ধ্বতন বৈজ্ঞানিক কর্মকর্তা,০১৭১৭৩৫৪৩৪১,০১৭১৭৩৫৪৩৪১,nurbari2011@gmail.com,"কৃষি পরিসংখ্যান এবং আইসিটি বিভাগ, গাজীপুর",https://objectstorage.ap-dcc-gazipur-1.oraclecloud15.com/n/axvjbnqprylg/b/V2Ministry/o/office-bari/2024/12/d372b6823d9f48ce9dff2d8c40e206a5.jpg,মোঃ সেলিম খান (৬৫৫১),সচিব,৫৫১০০১০০,,secretary@moa.gov.bd,কৃষি মন্ত্রণালয়,https://objectstorage.ap-dcc-gazipur-1.oraclecloud15.com/n/axvjbnqprylg/b/V2Ministry/o/office-moa/2026/7/04e567ef-6671-4b8d-b1c4-b57c7b1c65c4.jpg,https://bari.gov.bd/views/info-officers,2026-09-29
কৃষি মন্ত্রণালয়,কৃষি মন্ত্রণালয়,বাংলাদেশ কৃষি গবেষণা কাউন্সিল,,,,,,,,,,,,,,,,,,,,,,https://barc.gov.bd/views/info-officers,2026-09-28
কৃষি মন্ত্রণালয়,কৃষি মন্ত্রণালয়,বাংলাদেশ ধান গবেষণা ইনস্টিটিউট,ড. আমিনুল ইসলাম,পরিচালক (প্রশাসন ও সাধারণ পরিচর্যা) রুটিন দায়িত্ব,৪৯২৭২০৪৩,০১৭৫৯৯৯৪৪৯১,da@brri.gov.bd,সদর দপ্তর,https://objectstorage.ap-dcc-gazipur-1.oraclecloud15.com/n/axvjbnqprylg/b/V2Ministry/o/office-brri/2026/4/86bf66aa-8e43-4a18-968c-beab4d12dba7.jpg,ড. মোঃ হাফিজার রহমান,সিনিয়র সাইন্টিফিক অফিসার (এসএসও),৪৯২৭২০৪৮; ৪৯২৭২০০৫-৯ Ext. ৩২১,০১৭১২৭৯৯৯৪৩,Hafijar_07@yahoo.com,"প্রশাসন বিভাগ, বাংলাদেশ ধান গবেষণা ইনস্টিটিউট (ব্রি)",https://objectstorage.ap-dcc-gazipur-1.oraclecloud15.com/n/axvjbnqprylg/b/V2Ministry/o/office-brri/2026/6/367bd243-a0ee-488f-83c4-de7bcd407213.jpg,মোঃ সেলিম খান (৬৫৫১),সচিব,৫৫১০০১০০,,secretary@moa.gov.bd,কৃষি মন্ত্রণালয়,https://objectstorage.ap-dcc-gazipur-1.oraclecloud15.com/n/axvjbnqprylg/b/V2Ministry/o/office-moa/2026/7/04e567ef-6671-4b8d-b1c4-b57c7b1c65c4.jpg,https://brri.gov.bd/views/info-officers,2026-09-29
খাদ্য মন্ত্রণালয়,খাদ্য মন্ত্রণালয়,খাদ্য অধিদপ্তর,"মোঃ জহিরুল ইসলাম খান (ব্যাচ: ২২, পরিচিতি নং- ০২১৫৪)",পরিচালক (চলতি দায়িত্ব),+৮৮-০২-৯৫৫৩৮৭৮,০১৯০৭৭২১৪০৩,dsdm@dgfood.gov.bd,"সরবরাহ, বন্টন ও বিপণন বিভাগ, খাদ্য অধিদপ্তর",https://objectstorage.ap-dcc-gazipur-1.oraclecloud15.com/n/axvjbnqprylg/b/V2Ministry/o/office-dgfood/2026/6/c5b29040-881f-448c-899d-5737b274a860.jpeg,"মোঃ আব্দুস সালাম (ব্যাচ: ২২, পরিচিতি নং- ০২১৫২)",পরিচালক,+৮৮-০২-৪১০৫০৬৯৬,০১৭১১-৩৭৪৬৭৪,dmss@dgfood.gov.bd,"চলাচল সংরক্ষণ ও সাইলো বিভাগ, খাদ্য অধিদপ্তর",https://objectstorage.ap-dcc-gazipur-1.oraclecloud15.com/n/axvjbnqprylg/b/V2Ministry/o/office-dgfood/2026/3/7d07b91f-00f1-45b5-b413-0faee8ce8cda.png,জনাব আবু তাহের মো: মাসুদ রানা,সচিব,+৮৮০২৫৫১০০০৮৮,,secretary@mofood.gov.bd,খাদ্য মন্ত্রণালয়,https://objectstorage.ap-dcc-gazipur-1.oraclecloud15.com/n/axvjbnqprylg/b/V2Ministry/o/office-mofood/2026/3/aaba117a-ecb1-4af4-a20f-96e600dcdc42.jpg,https://dgfood.gov.bd/views/info-officers,2026-09-30
খাদ্য মন্ত্রণালয়,খাদ্য মন্ত্রণালয়,খাদ্য মন্ত্রণালয়,"জনাব জয়নাল মোল্লা (ব্যাচ নং-২৭, পরিচিতি নং ২০৪৭৮)",উপসচিব,+৮৮০২৫৫১০০২২১,০১৭২৩৯৭৯৯৯৬,,"নিরাপদ খাদ্য শাখা, খাদ্য মন্ত্রণালয়",https://objectstorage.ap-dcc-gazipur-1.oraclecloud15.com/n/axvjbnqprylg/b/V2Ministry/o/office-mofood/2024/12/15e7a336e6294686a28eccaadaeb579a.jpeg,জনাব মহিদুল ইসলাম খান,"সহকারী সচিব (আইন), খাদ্য মন্ত্রণালয়",০২৫৫১০১৪১৭,০১৭১৬২৬৪৬০৩,saslawcell@mofood.gov.bd,"আইন শাখা-১, খাদ্য মন্ত্রণালয়",https://objectstorage.ap-dcc-gazipur-1.oraclecloud15.com/n/axvjbnqprylg/b/V2Ministry/o/office-mofood/2024/12/0c57964bf9984c879a28cd50bb3fd5e0.jpg,জনাব আবু তাহের মো: মাসুদ রানা,সচিব,+৮৮০২৫৫১০০০৮৮,,secretary@mofood.gov.bd,খাদ্য মন্ত্রণালয়,https://objectstorage.ap-dcc-gazipur-1.oraclecloud15.com/n/axvjbnqprylg/b/V2Ministry/o/office-mofood/2026/3/aaba117a-ecb1-4af4-a20f-96e600dcdc42.jpg,https://mofood.gov.bd/views/info-officers,2026-09-29
গৃহায়ন ও গণপূর্ত মন্ত্রণালয়,গৃহায়ন ও গণপূর্ত মন্ত্রণালয়,গণপূর্ত অধিদপ্তর,,,,,,,,,,,,,,,,,,,,,,https://pwd.gov.bd/views/info-officers,2026-09-28
গৃহায়ন ও গণপূর্ত মন্ত্রণালয়,গৃহায়ন ও গণপূর্ত মন্ত্রণালয়,গৃহায়ন ও গণপূর্ত মন্ত্রণালয়,জনাব মোঃ নুরের জামান চৌধুরী (১৭৪৭৭),সিনিয়র সহকারী সচিব ( প্রশাসন শাখা-৮),৫৫১০০৭৫৮,০১৭৪২৪৪৫৩৬৭,adminsection8@mohpw.gov.bd,গৃহায়ন ও গণপূর্ত মন্ত্রণালয়। যোগদানের তারিখ: ০৬/০৯/২০২৬,https://objectstorage.ap-dcc-gazipur-1.oraclecloud15.com/n/axvjbnqprylg/b/V2Ministry/o/office-mohpw/2026/8/add56890-c4b9-44cd-ae4a-93e7e499db7f.png,জনাব মো: আবু নাছের (৮১৫৭),উপসচিব (প্রশাসন শাখা-৭) এবং কাউন্সিল অফিসার,৫৫১০০৭৩৩,০১৭১৬৪৭৮৩৯৪,adminsection7@mohpw.gov.bd,গৃহায়ন ও গণপূর্ত মন্ত্রণালয়। যোগদানের তারিখ: ২৫/০৫/২০২৬,https://objectstorage.ap-dcc-gazipur-1.oraclecloud15.com/n/axvjbnqprylg/b/V2Ministry/o/office-mohpw/2026/5/6db1a7cd-a36c-46c8-87d6-4b64598404c0.jpeg,জনাব মো: ওবায়দুর রহমান (৬২৭৮),সচিব,৫৫১০০৪৬৫,,secretary@mohpw.gov.bd,গৃহায়ন ও গণপূর্ত মন্ত্রণালয়| যোগদানেরতারিখ: ০৬/০৮/২০২৬,https://objectstorage.ap-dcc-gazipur-1.oraclecloud15.com/n/axvjbnqprylg/b/V2Ministry/o/office-mohpw/2026/7/f4141f46-bfe4-4423-ad0e-b887d68434b5.jpeg,https://mohpw.gov.bd/views/info-officers,2026-09-29
গৃহায়ন ও গণপূর্ত মন্ত্রণালয়,গৃহায়ন ও গণপূর্ত মন্ত্রণালয়,চট্টগ্রাম উন্নয়ন কর্তৃপক্ষ,মোঃ মোস্তফা জামাল,সিস্টেম এনালিস্ট,০২৩৩৩৩৬৫৫৬২,০১৮১৯৩৩৬৮৭০,mjamalbd@gmail.com,"চউক ভবন, ২য় তলা, কোর্ট রোড, চট্টগ্রাম।",,মোঃ গোলাম রব্বানী চৌধুরী,উর্ধ্বতন স্থপতি,০২৩৩৩৩৬২২৪৬,০১৭১৭-১৫৬২৩৪,mrabbani@cda.gov.bd,"চউক ভবন, ২য় তলা, কোর্ট রোড, চট্টগ্রাম।",,প্রকৌশলী জনাব মোঃ নুরুল করিম,চেয়ারম্যান,০২৩৩৩৩৮২৩০০,,chairman@cda.gov.bd,"চউক ভবন, ২য় তলা, কোর্ট রোড, চট্টগ্রাম।",,https://cda.gov.bd/views/info-officers,2026-09-29
গৃহায়ন ও গণপূর্ত মন্ত্রণালয়,গৃহায়ন ও গণপূর্ত মন্ত্রণালয়,জাতীয় গৃহায়ন কর্তৃপক্ষ,সোহেল মিয়া,প্রোগ্রামার,+৮৮০২৪১০৫৩৬৫৮,+৮৮০১৮১৬১৪৩৪৩৮,programmer@nha.gov.bd,কম্পিউটার সেল,https://objectstorage.ap-dcc-gazipur-1.oraclecloud15.com/n/axvjbnqprylg/b/V2Ministry/o/office-nha/2024/12/4b414fb336a24f6da274bcc5c736223a.jpg,গোলাম মেজবাহ উদ্দিন,সহকারী পরিচালক (অডিট) (অতিরিক্ত দায়িত্ব),+৮৮০২৪১০৫৪১৬১,,ad_finance@nha.gov.bd,"অর্থ ও অডিট শাখা, জাতীয় গৃহায়ন কর্তৃপক্ষ, ৮২, সেগুনবাগিচা, ঢাকা-১০০০।",,জনাব মো: ওবায়দুর রহমান (৬২৭৮),সচিব,৫৫১০০৪৬৫,,secretary@mohpw.gov.bd,গৃহায়ন ও গণপূর্ত মন্ত্রণালয়| যোগদানেরতারিখ: ০৬/০৮/২০২৬,https://objectstorage.ap-dcc-gazipur-1.oraclecloud15.com/n/axvjbnqprylg/b/V2Ministry/o/office-mohpw/2026/7/f4141f46-bfe4-4423-ad0e-b887d68434b5.jpeg,https://nha.gov.bd/views/info-officers,2026-09-29
গৃহায়ন ও গণপূর্ত মন্ত্রণালয়,গৃহায়ন ও গণপূর্ত মন্ত্রণালয়,নগর উন্নয়ন অধিদপ্তর,,,,,,,,,,,,,,,,,,,,,,https://udd.portal.gov.bd/views/info-officers,2026-09-30
গৃহায়ন ও গণপূর্ত মন্ত্রণালয়,গৃহায়ন ও গণপূর্ত মন্ত্রণালয়,রাজধানী উন্নয়ন কর্তৃপক্ষ (রাজউক),জনাব মোহাম্মদ কাইছার,পরিচালক (উন্নয়ন নিয়ন্ত্রণ-২) (চঃদায়িত্ব),,০১৭৩০৭৩৫৬৫৮,rajukdirector.dc@gmail.com,রাজধানী উন্নয়ন কর্তৃপক্ষ (রাজউক),https://objectstorage.ap-dcc-gazipur-1.oraclecloud15.com/n/axvjbnqprylg/b/V2Ministry/o/office-rajuk/2026/3/857448ca-5feb-4227-b4c9-4fb26bb0ba42.jpeg,জনাব মাসরুর-আল-মনতাছির,সহকারী অথরাইজড অফিসার,,০১৯২৬৬০৬৮৫৮,montashir24@gmail.com,"রাজধানী উন্নয়ন কর্তৃপক্ষ, ঢাকা",,ইঞ্জিনিয়ার মো: রিয়াজুল ইসলাম,চেয়ারম্যান,+৮৮০২২২৩৩৮৪৫৭৭,০১৭৩০০১৩৯০১,chairman@rajukdhaka.gov.bd,"রাজধানী উন্নয়ন কর্তৃপক্ষ, ঢাকা",https://objectstorage.ap-dcc-gazipur-1.oraclecloud15.com/n/axvjbnqprylg/b/V2Ministry/o/office-rajuk/2024/12/480c68316d084a8a992d238113ddb5e8.jpeg,https://rajuk.gov.bd/views/info-officers,2026-09-29
গৃহায়ন ও গণপূর্ত মন্ত্রণালয়,গৃহায়ন ও গণপূর্ত মন্ত্রণালয়,স্থাপত্য অধিদপ্তর,,,,,,,,,,,,,,,,,,,,,,https://architecture.gov.bd/views/info-officers,2026-09-30
জনপ্রশাসন মন্ত্রণালয়,খুলনা বিভাগ,জেলা প্রশাসকের কার্যালয় কুষ্টিয়া,নাসরিন সুলতানা (৪১০০০৯০),সহকারী কমিশনার ও এক্সিকিউটিভ ম্যাজিস্ট্রেট (মাতৃত্বকালীন ছুটিরত),০১৬২০৪৭৪০৯৭,০১৬২০৪৭৪০৯৭,nasrin32neela@gmail.com,"জেলা প্রশাসকের কার্যালয়, কুষ্টিয়া।",https://objectstorage.ap-dcc-gazipur-1.oraclecloud15.com/n/axvjbnqprylg/b/V2Ministry/o/office-kushtia/2024/12/de0e21cb3cdd4f1fae6581ea3bf59409.jpg,মনিরা আকতার (৪৩০০১৮৫),"সহকারী কমিশনার ও এক্সিকিউটিভ ম্যাজিস্ট্রেট ( শিক্ষা শাখা ও কল্যাণ শাখা, ব্যবসা, বাণিজ্য ও বিনিয়োগ শাখা এবং জেনারেল সার্টিফিকেট শাখা)",০১৭২৬৪৫৪১৫০,০১৭২৬৪৫৪১৫০,moniraakter0493@gmail.com,"জেলা প্রশাসকের কার্যালয়, কুষ্টিয়া।",https://objectstorage.ap-dcc-gazipur-1.oraclecloud15.com/n/axvjbnqprylg/b/V2Ministry/o/office-kushtia/2024/12/1b756fef026a44ce9e3b46e5a040b631.jpg,মো: আবদুল্লাহ হারুন (৬৬৯৩),বিভাগীয় কমিশনার (অতিরিক্ত সচিব),০২৪৭৮৮২৫০৩৫ (অফিস) ০২৪৭৭৭২৬০৫৯ (Bungalow),০১৭১৩৪০০৩৯৪,divcomkhulna@mopa.gov.bd,"বিভাগীয় কমিশনারের কার্যালয়, খুলনা",https://objectstorage.ap-dcc-gazipur-1.oraclecloud15.com/n/axvjbnqprylg/b/V2Ministry/o/office-khulnadiv/2026/3/80c67977-d6fb-4323-911a-13ecfa488c96.png,https://kushtia.gov.bd/views/info-officers,2026-09-29
জনপ্রশাসন মন্ত্রণালয়,খুলনা বিভাগ,জেলা প্রশাসকের কার্যালয় খুলনা,মোঃ জাকারিয়া (৪৩০০২৮৩),"সহকারী কমিশনার ও এক্সিকিউটিভ ম্যাজিস্ট্রেট (শিক্ষা ও কল্যাণ শাখা, আইসিটি শাখা, অভিযোগ ও তথ্য শাখা, মিডিয়া সেল)",০১৭৩৮১৩৮৯১৭,০১৭৩৮১৩৮৯১৭,zakariahossen54@gmail.com,"জেলা প্রশাসকের কার্যালয়, খুলনা",https://objectstorage.ap-dcc-gazipur-1.oraclecloud15.com/n/axvjbnqprylg/b/V2Ministry/o/office-khulna/2024/12/c97d5237c8734ebb862248fc1ff2c547.jpg,নাজমুস সাকিব (৪১০০২৪৭),"সহকারী কমিশনার ও এক্সিকিউটিভ ম্যাজিস্ট্রেট (নেজারত শাখা, ট্রেজারি শাখা)",০১৭১১৪০২০১৭,০১৭১১৪০২০১৭,ndckhulna@gmail.com,"জেলা প্রশাসকের কার্যালয়, খুলনা",https://objectstorage.ap-dcc-gazipur-1.oraclecloud15.com/n/axvjbnqprylg/b/V2Ministry/o/office-khulna/2026/5/848f0689-2884-442c-92eb-fab63c372180.jpeg,মো: আবদুল্লাহ হারুন (৬৬৯৩),বিভাগীয় কমিশনার (অতিরিক্ত সচিব),০২৪৭৮৮২৫০৩৫ (অফিস) ০২৪৭৭৭২৬০৫৯ (Bungalow),০১৭১৩৪০০৩৯৪,divcomkhulna@mopa.gov.bd,"বিভাগীয় কমিশনারের কার্যালয়, খুলনা",https://objectstorage.ap-dcc-gazipur-1.oraclecloud15.com/n/axvjbnqprylg/b/V2Ministry/o/office-khulnadiv/2026/3/80c67977-d6fb-4323-911a-13ecfa488c96.png,https://khulna.gov.bd/views/info-officers,2026-09-29
জনপ্রশাসন মন্ত্রণালয়,খুলনা বিভাগ,জেলা প্রশাসকের কার্যালয় চুয়াডাঙ্গা,মোঃ ফাহাদ চৌধুরী,"সহকারী কমিশনার ও বিজ্ঞ এক্সিকিউটিভ ম্যাজিস্ট্রেট (সাধারণ শাখা, এসডিজি ও উন্নয়ন প্রকল্প, তথ্য প্রদানকারী কর্মকর্তা, প্রবাসী কল্যাণ, ত্রাণ ও পুনর্বাসন, গোপনীয় শাখা, মিডিয়া সেল,নেজারত শাখা,ট্রেজারি শাখা,জেনারেল সার্টিফিকেট শাখা,সংস্থাপন শাখা )",০১৬৭৫৬২৭৮৮৬,০১৬৭৫৬২৭৮৮৬,fahadcsedu@gmail.com,চুয়াডাঙ্গা জেলা,https://objectstorage.ap-dcc-gazipur-1.oraclecloud15.com/n/axvjbnqprylg/b/V2Ministry/o/office-chuadanga/2024/12/b7a75ecf9a084794a6dda81d8d2ec86d.jpg,মোঃ ফাহাদ চৌধুরী,"সহকারী কমিশনার ও বিজ্ঞ এক্সিকিউটিভ ম্যাজিস্ট্রেট (সাধারণ শাখা, এসডিজি ও উন্নয়ন প্রকল্প, তথ্য প্রদানকারী কর্মকর্তা, প্রবাসী কল্যাণ, ত্রাণ ও পুনর্বাসন, গোপনীয় শাখা, মিডিয়া সেল,নেজারত শাখা,ট্রেজারি শাখা,জেনারেল সার্টিফিকেট শাখা,সংস্থাপন শাখা )",০১৬৭৫৬২৭৮৮৬,০১৬৭৫৬২৭৮৮৬,fahadcsedu@gmail.com,চুয়াডাঙ্গা জেলা,https://objectstorage.ap-dcc-gazipur-1.oraclecloud15.com/n/axvjbnqprylg/b/V2Ministry/o/office-chuadanga/2024/12/b7a75ecf9a084794a6dda81d8d2ec86d.jpg,মো: আবদুল্লাহ হারুন (৬৬৯৩),বিভাগীয় কমিশনার (অতিরিক্ত সচিব),০২৪৭৮৮২৫০৩৫ (অফিস) ০২৪৭৭৭২৬০৫৯ (Bungalow),০১৭১৩৪০০৩৯৪,divcomkhulna@mopa.gov.bd,"বিভাগীয় কমিশনারের কার্যালয়, খুলনা",https://objectstorage.ap-dcc-gazipur-1.oraclecloud15.com/n/axvjbnqprylg/b/V2Ministry/o/office-khulnadiv/2026/3/80c67977-d6fb-4323-911a-13ecfa488c96.png,https://chuadanga.gov.bd/views/info-officers,2026-09-29
জনপ্রশাসন মন্ত্রণালয়,খুলনা বিভাগ,জেলা প্রশাসকের কার্যালয় ঝিনাইদহ,অতনু সাহা (৪৩০০১৩৯),"সহকারী কমিশনার ও এক্সিকিউটিভ ম্যাজিস্ট্রেট ( জেএম শাখা, স্থানীয় সরকার শাখা, রেকর্ড রুম শাখা)",,০১৮৫১০৯৭১৫৮,,ঝিনাইদহ জেলা,https://objectstorage.ap-dcc-gazipur-1.oraclecloud15.com/n/axvjbnqprylg/b/V2Ministry/o/office-jhenaidah/2024/12/8fc081e800084cf9b9440708df919e1e.jpg,মোঃ আল-আমিন (৪৩০০১৪৭),"সহকারী কমিশনার ও এক্সিকিউটিভ ম্যাজিস্ট্রেট (নেজারত শাখা, ট্রেজারি শাখা, ব্যবসা বাণিজ্য ও বিনিয়োগ শাখা)",০১৭৬৭৬২৭৫৮৪ (NDC Official),০১৮৮৯৫১০৫৯৭,ndcjhenaidah@mopa.gov.bd,ঝিনাইদহ জেলা,https://objectstorage.ap-dcc-gazipur-1.oraclecloud15.com/n/axvjbnqprylg/b/V2Ministry/o/office-jhenaidah/2024/12/1e88ccbb788d402fbb07954bd438ff07.jpg,মো: আবদুল্লাহ হারুন (৬৬৯৩),বিভাগীয় কমিশনার (অতিরিক্ত সচিব),০২৪৭৮৮২৫০৩৫ (অফিস) ০২৪৭৭৭২৬০৫৯ (Bungalow),০১৭১৩৪০০৩৯৪,divcomkhulna@mopa.gov.bd,"বিভাগীয় কমিশনারের কার্যালয়, খুলনা",https://objectstorage.ap-dcc-gazipur-1.oraclecloud15.com/n/axvjbnqprylg/b/V2Ministry/o/office-khulnadiv/2026/3/80c67977-d6fb-4323-911a-13ecfa488c96.png,https://jhenaidah.gov.bd/views/info-officers,2026-09-29
জনপ্রশাসন মন্ত্রণালয়,খুলনা বিভাগ,জেলা প্রশাসকের কার্যালয় নড়াইল,মোহাম্মাদ মেহেদী হাসান (৪১০০০৭৬),সহকারী কমিশনার ও বিজ্ঞ এক্সিকিউটিভ ম্যাজিস্ট্রেট (আইন ও প্রশাসন প্রশিক্ষণে আছেন),,০১৬২৮৮১৬৫৩৫,mehedi.butex38@gmail.com,"জেলা প্রশাসকের কার্যালয়, নড়াইল",,মোঃ সোহানুর রহমান সেতু (৪১০০২৫৪),"সহকারী কমিশনার ও বিজ্ঞ এক্সিকিউটিভ ম্যাজিস্ট্রেট (ভূমি অধিগ্রহণ শাখা, রাজস্ব শাখা, ভিপি শাখা, আরএম শাখা ও জেনারেল সার্টিফিকেট শাখা)",০১৭১৭০৮৯৩৪১,০১৭১৭০৮৯৩৪১,srshetu007@gmail.com,"জেলা প্রশাসকের কার্যালয়, নড়াইল",https://objectstorage.ap-dcc-gazipur-1.oraclecloud15.com/n/axvjbnqprylg/b/V2Ministry/o/office-narail/2024/12/c453941cd9cc4ea68aab070e9f94324e.jpeg,মোঃ ফিরোজ সরকার (৬৪১২),বিভাগীয় কমিশনার (অতিরিক্ত সচিব),০২৪৭৮৮২৫০৩৫,০১৭১৩৪০০৩৯৪,divcomkhulna@mopa.gov.bd,নড়াইল জেলা,,https://narail.gov.bd/views/info-officers,2026-09-29
জনপ্রশাসন মন্ত্রণালয়,খুলনা বিভাগ,জেলা প্রশাসকের কার্যালয় বাগেরহাট,,,,,,,,,,,,,,,,,,,,,,https://bagerhat.gov.bd/views/info-officers,2026-09-28
জনপ্রশাসন মন্ত্রণালয়,খুলনা বিভাগ,জেলা প্রশাসকের কার্যালয় মাগুরা,মোঃ শাহরিয়ার ইসলাম (৪৩০০১৭৩),"সহকারী কমিশনার ও এক্সিকিউটিভ ম্যাজিস্ট্রেট (ভূমি অধিগ্রহণ শাখা, জেনারেল সার্টিফিকেট শাখা, রাজস্ব শাখা, আরএম শাখা, জেলা ই সেবা কেন্দ্র)",০১৫৬০০৪১৬২০,০১৫৬০০৪১৬২০,shahriar.mech@gmail.com,"জেলা প্রশাসকের কার্যালয়, মাগুরা",https://objectstorage.ap-dcc-gazipur-1.oraclecloud15.com/n/axvjbnqprylg/b/V2Ministry/o/office-magura/2024/12/6294c400acd54526847dd466d3dc61aa.jpg,মোঃ রাফাত আল মেহেদী (৪১০০০৫৪),সহকারী কমিশনার ও এক্সিকিউটিভ ম্যাজিস্ট্রেট (১৪৬তম আইন ও প্রশাসন প্রশিক্ষণ কোর্সে প্রশিক্ষণরত),০১৭৭৭৪৯০৯৬৬,০১৭৭৭৪৯০৯৬৬,rafatalmehdi@gmail.com,"জেলা প্রশাসকের কার্যালয়, মাগুরা",https://objectstorage.ap-dcc-gazipur-1.oraclecloud15.com/n/axvjbnqprylg/b/V2Ministry/o/office-magura/2024/12/b36ccafe79c74e1abc9ca6af1ce68001.jpg,মোঃ মোখতার আহমেদ (৬৪৩৯),বিভাগীয় কমিশনার (অতিরিক্ত সচিব),০২৪৭৮৮২৫০৩৫,০১৭১৩৪০০৩৯৪,divcomkhulna@mopa.gov.bd,মাগুরা জেলা,https://objectstorage.ap-dcc-gazipur-1.oraclecloud15.com/n/axvjbnqprylg/b/V2Ministry/o/office-khulnadiv/2024/12/8296b926ad534284b77335cb4247acea.jpg,https://magura.gov.bd/views/info-officers,2026-09-29
জনপ্রশাসন মন্ত্রণালয়,খুলনা বিভাগ,জেলা প্রশাসকের কার্যালয় মেহেরপুর,জনাব মোসাঃ খাদিজা আকতার (৪১০০২৬৬),সহকারী কমিশনার ও বিজ্ঞ এক্সিকিউটিভ ম্যাজিস্ট্রেট ( মাতৃত্বজনিত/প্রসূতি ছুটি) ),০১৭৫৮৩৪৯১৪৫,০১৭৫৮৩৪৯১৪৫,rdcmeherpur@mopa.gov.bd,মেহেরপুর জেলা,https://objectstorage.ap-dcc-gazipur-1.oraclecloud15.com/n/axvjbnqprylg/b/V2Ministry/o/office-meherpur/2024/12/6a2a3a55120945cb9ccc92853ac41db7.jpg,জনাব শেখ তৌহিদুল কবীর (৪১০০১৯৯),"সহকারী কমিশনার ও বিজ্ঞ এক্সিকিউটিভ ম্যাজিস্ট্রেট ( জেএম শাখা, জেনারেল সার্টিফিকেট শাখা )",০১৭৪০২১৬৯১৩,০১৭৪০২১৬৯১৩,shafikabir91@gmail.com,মেহেরপুর জেলা,https://objectstorage.ap-dcc-gazipur-1.oraclecloud15.com/n/axvjbnqprylg/b/V2Ministry/o/office-meherpur/2024/12/40b9f5d120e1432e95c3b3425744bfb2.jpg,মোঃ ফিরোজ সরকার (৬৪১২),বিভাগীয় কমিশনার (অতিরিক্ত সচিব),০২৪৭৮৮২৫০৩৫,০১৭১৩৪০০৩৯৪,divcomkhulna@mopa.gov.bd,মেহেরপুর জেলা,,https://meherpur.gov.bd/views/info-officers,2026-09-29
জনপ্রশাসন মন্ত্রণালয়,খুলনা বিভাগ,জেলা প্রশাসকের কার্যালয় যশোর,,,,,,,,,,,,,,,মোঃ ফিরোজ সরকার (৬৪১২),বিভাগীয় কমিশনার (অতিরিক্ত সচিব),০২৪৭৮৮২৫০৩৫,০১৭১৩৪০০৩৯৪,divcomkhulna@mopa.gov.bd,যশোর জেলা,,https://jashore.gov.bd/views/info-officers,2026-09-29
জনপ্রশাসন মন্ত্রণালয়,খুলনা বিভাগ,জেলা প্রশাসকের কার্যালয় সাতক্ষীরা,সুমাইয়া রহমান (৪৪০০০৩৬),"সহকারী কমিশনার ( প্রবাসী কল্যাণ শাখা, রেকর্ড রুম শাখা, শিক্ষা শাখা, আইসিটি শাখা )",,০১৭৩৯-৩৬১৮৭৪,,সাতক্ষীরা জেলা,https://objectstorage.ap-dcc-gazipur-1.oraclecloud15.com/n/axvjbnqprylg/b/V2Ministry/o/office-satkhira/2026/2/a90ab003-8ed4-40c0-8eb3-16b13778bdfa.jpg,নাফিউল ইসলাম (৪৩০০২৬২),"সহকারী কমিশনার ( গোপনীয় শাখা , সাধারণ শাখা , জেনারেল সার্টিফিকেট শাখা, স্থানীয় সরকার শাখা, ফরমস এন্ড স্টেশনারী শাখা )",+৮৮০ ১৩৪১-৫৬৬৯৬৮,+৮৮০ ১৩৪১-৫৬৬৯৬৮,acgeneral16@gmail.com,সাতক্ষীরা জেলা,https://objectstorage.ap-dcc-gazipur-1.oraclecloud15.com/n/axvjbnqprylg/b/V2Ministry/o/office-satkhira/2024/12/15d89455ae0e4e62be3985a72c7bbcf0.jpg,মো: আবদুল্লাহ হারুন (৬৬৯৩),বিভাগীয় কমিশনার (অতিরিক্ত সচিব),০২৪৭৮৮২৫০৩৫ (অফিস) ০২৪৭৭৭২৬০৫৯ (Bungalow),০১৭১৩৪০০৩৯৪,divcomkhulna@mopa.gov.bd,"বিভাগীয় কমিশনারের কার্যালয়, খুলনা",https://objectstorage.ap-dcc-gazipur-1.oraclecloud15.com/n/axvjbnqprylg/b/V2Ministry/o/office-khulnadiv/2026/3/80c67977-d6fb-4323-911a-13ecfa488c96.png,https://satkhira.gov.bd/views/info-officers,2026-09-29
জনপ্রশাসন মন্ত্রণালয়,খুলনা বিভাগ,বিভাগীয় কমিশনারের কার্যালয় খুলনা,এ. বি. এম. মনোয়ারুল আলম (৪১০০৩১৩),"সহকারী কমিশনার (বিভাগীয় কমিশনারের একান্ত সচিব, গোপনীয় শাখা ( অফিস ও বাংলো),শিক্ষা ও আইসিটি এবং পত্র গ্রহণ ও বিতরণ, হিসাব ও নেজারত শাখা)",০২৪৭৮৮২৬৫৬০,০১৭৩৩০৭৩০০৩,psdivcomkhulna@mopa.gov.bd,"বিভাগীয় কমিশনারের কার্যালয়, খুলনা",https://objectstorage.ap-dcc-gazipur-1.oraclecloud15.com/n/axvjbnqprylg/b/V2Ministry/o/office-khulnadiv/2026/6/83679423-f19f-4747-bf0d-7908990ecbce.jpg,জিনাত সুলতানা (৪১০০৩১৫),"সহকারী কমিশনার (উন্নয়ন, সাধারণ ও লাইব্রেরি শাখা)",০২৪৭৮৮২৬৫৬৫,০১৭৯৩৭৬৮৫০৫,acgendivcomkhulna@mopa.gov.bd,"বিভাগীয় কমিশনারের কার্যালয়, খুলনা",https://objectstorage.ap-dcc-gazipur-1.oraclecloud15.com/n/axvjbnqprylg/b/V2Ministry/o/office-khulnadiv/2026/5/01053e41-fa90-4d73-afc4-18b74e72c3a0.jpeg,জনাব নাসিমুল গনি (৩১০৭),মন্ত্রিপরিষদ সচিব,০২-২২৬৬৪১৪৪৪,,cab_secy@cabinet.gov.bd,মন্ত্রিপরিষদ বিভাগ,https://objectstorage.ap-dcc-gazipur-1.oraclecloud15.com/n/axvjbnqprylg/b/V2Ministry/o/office-cabinet/2026/1/1abbb9c5-f179-440f-8c56-f57a1a45a8bd.jpeg,https://khulnadiv.gov.bd/views/info-officers,2026-09-29
জনপ্রশাসন মন্ত্রণালয়,চট্টগ্রাম বিভাগ,জেলা প্রশাসকের কার্যালয় কক্সবাজার,নাজিফা রহমান খান (4300227),সহকারী কমিশনার ও বিজ্ঞ এক্সিকিউটিভ ম্যাজিস্ট্রেট,,০১৭৩১-৬৮৮৮৩৭,knazifa227@gmail.com,"রেকর্ডরুম শাখা, সাধারণ শাখা, তথ্য ও অভিযোগ শাখা, লাইব্রেরি শাখা",https://objectstorage.ap-dcc-gazipur-1.oraclecloud15.com/n/axvjbnqprylg/b/V2Ministry/o/office-coxsbazar/2026/7/66a18546-af26-46ea-a71d-8db98ab59af8.jpeg,মো:নাজমুল হাসান নাঈম (4300275),সহকারী কমিশনার ও বিজ্ঞ এক্সিকিউটিভ ম্যাজিস্ট্রেট,০১৮৯৪৪১৯০২৩,"০১৬৭৫৪৯২০০৫, ০১৮৯৪৪১৯০২৩",nayem.accoxs@gmail.com,"স্থানীয় সরকার শাখা, আইসিটি শাখা, শিক্ষা ও কল্যাণ শাখা",https://objectstorage.ap-dcc-gazipur-1.oraclecloud15.com/n/axvjbnqprylg/b/V2Ministry/o/office-coxsbazar/2026/3/b3824f19-0ca2-4ccf-9bf8-a70806c68312.jpeg,ড. মোঃ জিয়াউদ্দীন,"কমিশনার, চট্টগ্রাম বিভাগ","অফিস: ০২৪১৩৬০৮০১ (সিএ), বাসা: ০২৩৩৩৩৬৫৭৬৬ (সিএ)",০১৭১৩১২০৭৯৫,divcomchittagong@mopa.gov.bd,কক্সবাজার জেলা,https://objectstorage.ap-dcc-gazipur-1.oraclecloud15.com/n/axvjbnqprylg/b/V2Ministry/o/office-chattogramdiv/2024/12/d8a00f3f21904a69ba9613f85b22aec7.jpg,https://coxsbazar.gov.bd/views/info-officers,2026-09-29
জনপ্রশাসন মন্ত্রণালয়,চট্টগ্রাম বিভাগ,জেলা প্রশাসকের কার্যালয় কুমিল্লা,রাফিদ খান (৪৩০০০৫৯),"সহকারী কমিশনার ( গোপনীয়, তথ্য ও অভিযোগ ) ও এক্সিকিউটিভ ম্যাজিস্ট্রেট",০১৭৩৩৩৫৪৯১০,০১৫৫৯১০৫০৯১,acconcumilla@mopa.gov.bd,"জেলা প্রশাসকের কার্যালয়, কুমিল্লা",https://objectstorage.ap-dcc-gazipur-1.oraclecloud15.com/n/axvjbnqprylg/b/V2Ministry/o/office-cumilla/2026/5/ef7526cd-c9cc-4b61-8f21-e633ed54319b.png,ফাইয়াজ খান ( ৪৩০০০১৯),"সহকারী কমিশনার ( শিক্ষা ও কল্যাণ, ট্রেজারি, প্রবাসী কল্যাণ) ও এক্সিকিউটিভ ম্যাজিস্ট্রেট",,০১৭৩৩৩৫৪৯১৭,actrcumilla@mopa.gov.bd,"জেলা প্রশাসকের কার্যালয়, কুমিল্লা",https://objectstorage.ap-dcc-gazipur-1.oraclecloud15.com/n/axvjbnqprylg/b/V2Ministry/o/office-cumilla/2024/12/865baa94892a4a24a87f629663ba5bdb.jpg,,,,,,,,https://comilla.gov.bd/views/info-officers,2026-09-29
জনপ্রশাসন মন্ত্রণালয়,চট্টগ্রাম বিভাগ,জেলা প্রশাসকের কার্যালয় খাগড়াছড়ি,মো: সাজ্জাদ হোসেন (৪৩০০২০৬),"সহকারী কমিশনার ও এক্সিকিউটিভ ম্যাজিস্ট্রেট (রেজিস্ট্রেশন শাখা, স্থানীয় সরকার শাখা, ব্যবসা ,বাণিজ্য ও বিনিয়োগ শাখা, ত্রান ও পূনর্বাসন শাখা,তথ্য ও অভিযোগ শাখা)",০১৬৭০২৩৪৬৩১,০১৬৭০২৩৪৬৩১,sazzadbuet13@gmail.com,"জেলা প্রশাসকের কার্যালয়,খাগড়াছড়ি",https://objectstorage.ap-dcc-gazipur-1.oraclecloud15.com/n/axvjbnqprylg/b/V2Ministry/o/office-khagrachhari/2024/12/3f38c7da556947c8aff8b753dd95f074.jpeg,মো: মেহেদী হাসান (৪৪০০১৯১),"সহকারী কমিশনার ও এক্সিকিউটিভ ম্যাজিস্ট্রেট (সাধারণ শাখা,জেএম শাখা, শিক্ষা ও কল্যাণ শাখা, রেশন সেল, জেলা ই-সেবা ও প্রকল্প পরিবীক্ষণ শাখা)",০১৭১৯৩৫১৩৩৮,০১৭১৯৩৫১৩৩৮,acgenkhagrachari@mopa.gov.bd,"জেলা প্রশাসকের কার্যালয়,খাগড়াছড়ি",https://objectstorage.ap-dcc-gazipur-1.oraclecloud15.com/n/axvjbnqprylg/b/V2Ministry/o/office-khagrachhari/2026/4/685772f9-851b-4846-932f-cb1ceb28e413.jpeg,ড. মোঃ জিয়াউদ্দীন,"কমিশনার, চট্টগ্রাম বিভাগ","অফিস: ০২৪১৩৬০৮০১ (সিএ), বাসা: ০২৩৩৩৩৬৫৭৬৬ (সিএ)",০১৭১৩১২০৭৯৫,divcomchittagong@mopa.gov.bd,খাগড়াছড়ি জেলা,https://objectstorage.ap-dcc-gazipur-1.oraclecloud15.com/n/axvjbnqprylg/b/V2Ministry/o/office-chattogramdiv/2024/12/d8a00f3f21904a69ba9613f85b22aec7.jpg,https://khagrachhari.gov.bd/views/info-officers,2026-09-29
জনপ্রশাসন মন্ত্রণালয়,চট্টগ্রাম বিভাগ,জেলা প্রশাসকের কার্যালয় চট্টগ্রাম,শাকিব শাহরিয়ার,"সহকারী কমিশনার (জেএম শাখা, আগ্নেয়াস্ত্র শাখা ও তথ্য ও অভিযোগ শাখা ) ও এক্সিকিউটিভ ম্যাজিস্ট্রেট",০,০১৭৫৮২৬৩৩৯৮,acjmchattogram@mopa.gov.bd,"জেলা প্রশাসকের কার্যালয়,চট্টগ্রাম",https://objectstorage.ap-dcc-gazipur-1.oraclecloud15.com/n/axvjbnqprylg/b/V2Ministry/o/office-chattogram/2024/12/6b76593cb1cc4702a846094bd9e94aad.jpeg,রাইয়ান ফেরদৌস,সহকারী কমিশনার ও এক্সিকিউটিভ ম্যাজিস্ট্রেট (১৫১তম আইন ও প্রশাসন প্রশিক্ষণে প্রশিক্ষণরত),০,০১৫৩৭৫২৯৬৮২,acictchattogram@mopa.gov.bd,চট্টগ্রাম জেলা,https://objectstorage.ap-dcc-gazipur-1.oraclecloud15.com/n/axvjbnqprylg/b/V2Ministry/o/office-chattogram/2024/12/f2a5c8af5013466a8d4aa0b3c2173420.jpg,ড. মোঃ জিয়াউদ্দীন,"কমিশনার, চট্টগ্রাম বিভাগ","অফিস: ০২৪১৩৬০৮০১ (সিএ), বাসা: ০২৩৩৩৩৬৫৭৬৬ (সিএ)",০১৭১৩১২০৭৯৫,divcomchittagong@mopa.gov.bd,চট্টগ্রাম জেলা,https://objectstorage.ap-dcc-gazipur-1.oraclecloud15.com/n/axvjbnqprylg/b/V2Ministry/o/office-chattogramdiv/2024/12/d8a00f3f21904a69ba9613f85b22aec7.jpg,https://chattogram.gov.bd/views/info-officers,2026-09-29
জনপ্রশাসন মন্ত্রণালয়,চট্টগ্রাম বিভাগ,জেলা প্রশাসকের কার্যালয় চাঁদপুর,মোঃ নাজমুল হুদা (৪৩০০১৯৩),"সহকারী কমিশনার ও এক্সিকিউটিভ ম্যাজিস্ট্রেট (সাধারণ শাখা, জেনারেল সার্টিফিকেট শাখা, লাইব্রেরি শাখা, তথ্য প্রদান ইউনিট)",০১৬৭৬২০৯৫০৭,০১৬৭৬২০৯৫০৭,najmulhuda.ruet@gmail.com,চাঁদপুর জেলা,https://objectstorage.ap-dcc-gazipur-1.oraclecloud15.com/n/axvjbnqprylg/b/V2Ministry/o/office-chandpur/2024/12/235f1c22fb994cfe8e90512992e101d0.jpeg,নাহিদ ইকবাল (৪৩০০১৬১),"সহকারী কমিশনার ও এক্সিকিউটিভ ম্যাজিস্ট্রেট (নেজারত শাখা , জাটকা সেল, পর্যটন সেল)",০১৭৩০০৬৭০৫৪,০১৭৩০০৬৭০৫৪,chandpur.ndc@gmail.com,চাঁদপুর জেলা,https://objectstorage.ap-dcc-gazipur-1.oraclecloud15.com/n/axvjbnqprylg/b/V2Ministry/o/office-chandpur/2024/12/1c8d935bf2674db4a5b7be301062cb62.jpeg,ড. মোঃ জিয়াউদ্দীন,"কমিশনার, চট্টগ্রাম বিভাগ","অফিস: ০২৪১৩৬০৮০১ (সিএ), বাসা: ০২৩৩৩৩৬৫৭৬৬ (সিএ)",০১৭১৩১২০৭৯৫,divcomchittagong@mopa.gov.bd,চাঁদপুর জেলা,https://objectstorage.ap-dcc-gazipur-1.oraclecloud15.com/n/axvjbnqprylg/b/V2Ministry/o/office-chattogramdiv/2024/12/d8a00f3f21904a69ba9613f85b22aec7.jpg,https://chandpur.gov.bd/views/info-officers,2026-09-29
জনপ্রশাসন মন্ত্রণালয়,চট্টগ্রাম বিভাগ,জেলা প্রশাসকের কার্যালয় নোয়াখালী,মোঃ ইউসুফ আলী(৪৩০০২৫৬),"সহকারী কমিশনার ও এক্সিকিউটিভ ম্যাজিস্ট্রেট (ভূমি অধিগ্রহণ শাখা/ফরমস্‌,স্টেশনারী ও লাইব্রেরি শাখা/তথ্য ও অভিযোগ শাখা))",০২৩৩৪৪৯১৩২৯,০১৭১৪৯৮০৩২৭,lao1noakhali@mopa.gov.bd,"জেলা প্রশাসকের কার্যালয়, নোয়াখালী",https://objectstorage.ap-dcc-gazipur-1.oraclecloud15.com/n/axvjbnqprylg/b/V2Ministry/o/office-noakhali/2026/4/f2ac3ae8-6d27-42a5-8e72-2b865528bde9.jpg,মোঃ সেজান আহমেদ(৪৩০০২৪২),সহকারী কমিশনার ও এক্সিকিউটিভ ম্যাজিস্ট্রেট (রাজস্ব শাখা/রাজস্ব মুন্সীখানা শাখা/জেলা মহাফেজ খানা)),০২৩৩৪-৪৯১৫২৮,০১৯৩৭৪৩৪৪১২,rdcnoakhali@mopa.gov.bd,"জেলা প্রশাসকের কার্যালয়, নোয়াখালী",https://objectstorage.ap-dcc-gazipur-1.oraclecloud15.com/n/axvjbnqprylg/b/V2Ministry/o/office-noakhali/2024/12/7ce67d00c6124ecb86b37a6871817601.jpeg,ড. মোঃ জিয়াউদ্দীন,"কমিশনার, চট্টগ্রাম বিভাগ","অফিস: ০২৪১৩৬০৮০১ (সিএ), বাসা: ০২৩৩৩৩৬৫৭৬৬ (সিএ)",০১৭১৩১২০৭৯৫,divcomchittagong@mopa.gov.bd,নোয়াখালী জেলা,https://objectstorage.ap-dcc-gazipur-1.oraclecloud15.com/n/axvjbnqprylg/b/V2Ministry/o/office-chattogramdiv/2024/12/d8a00f3f21904a69ba9613f85b22aec7.jpg,https://noakhali.gov.bd/views/info-officers,2026-09-29
জনপ্রশাসন মন্ত্রণালয়,চট্টগ্রাম বিভাগ,জেলা প্রশাসকের কার্যালয় ফেনী,মজিবুর রহমান (৪৩০০০৬৭),"সহকারী কমিশনার (সাধারণ শাখা, রেকর্ডরুম শাখা, লাইব্রেরী, ফরমস এন্ড স্টেশনারী শাখা, ফ্রন্ট ডেস্ক শাখা), অতিরিক্ত দায়িত্ব: (রাজস্ব শাখা, গোপনীয় শাখা, মিডিয়া সেল)",০১৭১৩-১৮৭৩২৩,০১৭১৩-১৮৭৩২৩,acgenfeni@mopa.gov.bd,ফেনী জেলা,https://objectstorage.ap-dcc-gazipur-1.oraclecloud15.com/n/axvjbnqprylg/b/V2Ministry/o/office-feni/2024/12/5769c612390543d0aba8828712ae0e81.jpeg,,,,,,,,ড. মোঃ জিয়াউদ্দীন,"কমিশনার, চট্টগ্রাম বিভাগ","অফিস: ০২৪১৩৬০৮০১ (সিএ), বাসা: ০২৩৩৩৩৬৫৭৬৬ (সিএ)",০১৭১৩১২০৭৯৫,divcomchittagong@mopa.gov.bd,ফেনী জেলা,https://objectstorage.ap-dcc-gazipur-1.oraclecloud15.com/n/axvjbnqprylg/b/V2Ministry/o/office-chattogramdiv/2024/12/d8a00f3f21904a69ba9613f85b22aec7.jpg,https://feni.gov.bd/views/info-officers,2026-09-29
জনপ্রশাসন মন্ত্রণালয়,চট্টগ্রাম বিভাগ,জেলা প্রশাসকের কার্যালয় বান্দরবান,জয়া দত্ত (৪১০০২১৫),সহকারী কমিশনার ও এক্সিকিউটিভ ম্যাজিস্ট্রেট,"০২৩৩৩৩০২৭১২ (Revenue Section), ০২৩৩৩৩০২৭১৪ (LAO)",০১৮৩০-৪৬৯৭১০ (Personal),lao2bandarban@mopa.gov.bd,"ভূমি অধিগ্রহণ শাখা, জেনারেল সার্টিফিকেট শাখা, রেভিনিউ ডেপুটি কালেক্টর-রাজস্ব শাখা, রাজস্ব মুন্সিখানা শাখা, রেজিস্ট্রেশন (বান্দরবান সদর উপজেলাসহ সমগ্র বান্দরবান জেলা), তথ্য ও অভিযোগ শাখা",https://objectstorage.ap-dcc-gazipur-1.oraclecloud15.com/n/axvjbnqprylg/b/V2Ministry/o/office-bandarban/2024/12/b3789aec23a64ee4b081bd676d8b9ab0.png,গোপা বিশ্বাস (৪৩০০০২০),সহকারী কমিশনার (শিক্ষানবিশ) ও এক্সিকিউটিভ ম‍্যাজিস্ট্রেট,০২৩৩৩৩০২৭০৬ (NDC),"০১৮৮০৯১৪৪৯২ (AC Confidential), ০১৫৫০-০২৯৪৭১ (NDC-Official)",ndcbandarban@mopa.gov.bd,"নেজারত ডেপুটি কালেক্টর, জেলা প্রশাসকের গোপনীয় শাখা, পর্যটন সেল, ফরমস ও স্টেশনারি শাখা",https://objectstorage.ap-dcc-gazipur-1.oraclecloud15.com/n/axvjbnqprylg/b/V2Ministry/o/office-bandarban/2026/4/996471a5-c9c4-45ad-ae49-72aef090f552.jpeg,ড. মোঃ জিয়াউদ্দীন,"কমিশনার, চট্টগ্রাম বিভাগ","অফিস: ০২৪১৩৬০৮০১ (সিএ), বাসা: ০২৩৩৩৩৬৫৭৬৬ (সিএ)",০১৭১৩১২০৭৯৫,divcomchittagong@mopa.gov.bd,বান্দরবান জেলা,https://objectstorage.ap-dcc-gazipur-1.oraclecloud15.com/n/axvjbnqprylg/b/V2Ministry/o/office-chattogramdiv/2024/12/d8a00f3f21904a69ba9613f85b22aec7.jpg,https://bandarban.gov.bd/views/info-officers,2026-09-29
জনপ্রশাসন মন্ত্রণালয়,চট্টগ্রাম বিভাগ,জেলা প্রশাসকের কার্যালয় ব্রাহ্মণবাড়িয়া,মো: শরীফুল ইসলাম,"সহকারী কমিশনার ও বিজ্ঞ এক্সিকিউটিভ ম্যাজিস্ট্রেট ( প্রবাসী কল্যাণ শাখা, তথ্য ও অভিযোগ শাখা, লাইব্রেরী শাখা )",,০১৯৬১৭৪১২৬৮,msidufin99@gmail.com,ব্রাহ্মণবাড়িয়া জেলা,https://objectstorage.ap-dcc-gazipur-1.oraclecloud15.com/n/axvjbnqprylg/b/V2Ministry/o/office-brahmanbaria/2026/7/38d90876-fca8-45ff-bb15-56ddf34a9a67.jpeg,এন. এম. কায়সার,"সহকারী কমিশনার ও বিজ্ঞ এক্সিকিউটিভ ম্যাজিস্ট্রেট ( স্থানীয় সরকার শাখা, প্রকল্প পরিবীক্ষণ ও মূল্যায়ন শাখা, উন্নয়ন শাখা )",,০১৭২৩৬১৩৫৪৫,kaiser2278@gmail.com,ব্রাহ্মণবাড়িয়া জেলা,https://objectstorage.ap-dcc-gazipur-1.oraclecloud15.com/n/axvjbnqprylg/b/V2Ministry/o/office-brahmanbaria/2024/12/41d48df2c1ec4f56b4cb315d66e7f3b4.jpg,ড. মোঃ জিয়াউদ্দীন,"কমিশনার, চট্টগ্রাম বিভাগ","অফিস: ০২৪১৩৬০৮০১ (সিএ), বাসা: ০২৩৩৩৩৬৫৭৬৬ (সিএ)",০১৭১৩১২০৭৯৫,divcomchittagong@mopa.gov.bd,ব্রাহ্মণবাড়িয়া জেলা,https://objectstorage.ap-dcc-gazipur-1.oraclecloud15.com/n/axvjbnqprylg/b/V2Ministry/o/office-chattogramdiv/2024/12/d8a00f3f21904a69ba9613f85b22aec7.jpg,https://brahmanbaria.gov.bd/views/info-officers,2026-09-29
জনপ্রশাসন মন্ত্রণালয়,চট্টগ্রাম বিভাগ,জেলা প্রশাসকের কার্যালয় রাঙ্গামাটি পার্বত্য জেলা,হাসান মাহমুদ,সহকারী কমিশনার ও এক্সিকিউটিভ ম্যাজিস্ট্রেট,০১৭১৮৪৫৯৬৬৫,০১৭১৮৪৫৯৬৬৫,aclgrangamati@mopa.gov.bd,"স্থানীয় সরকার শাখা, প্রবাসী কল্যাণ শাখা, পারমিট শাখা, তথ্য ও অভিযোগ শাখা, পর্যটন সেল, এনজিও সেল, ফ্রন্ট ডেস্ক",https://objectstorage.ap-dcc-gazipur-1.oraclecloud15.com/n/axvjbnqprylg/b/V2Ministry/o/office-rangamati/2026/6/1d5920d3-c342-4149-b48b-ec4842acacba.jpg,যুহাদ বিন খলিল,সহকারী কমিশনার ও এক্সিকিউটিভ ম্যাজিস্ট্রেট,০১৭৮৬৪৪১১১২,০১৭৮৬৪৪১১১২,acrmrangamati@mopa.gov.bd,"ব্যবসা-বাণিজ্য ও বিনিয়োগ শাখা, রাজস্ব মুন্সিখানা শাখা, রেকর্ড রুম শাখা, লাইব্রেরী শাখা",https://objectstorage.ap-dcc-gazipur-1.oraclecloud15.com/n/axvjbnqprylg/b/V2Ministry/o/office-rangamati/2026/6/6bebee2e-7269-4f35-8312-8b2b5a187e5e.jpg,ড. মোঃ জিয়াউদ্দীন,"কমিশনার, চট্টগ্রাম বিভাগ","অফিস: ০২৪১৩৬০৮০১ (সিএ), বাসা: ০২৩৩৩৩৬৫৭৬৬ (সিএ)",০১৭১৩১২০৭৯৫,divcomchittagong@mopa.gov.bd,রাঙ্গামাটি পার্বত্য জেলা,https://objectstorage.ap-dcc-gazipur-1.oraclecloud15.com/n/axvjbnqprylg/b/V2Ministry/o/office-chattogramdiv/2024/12/d8a00f3f21904a69ba9613f85b22aec7.jpg,https://rangamati.gov.bd/views/info-officers,2026-09-29
জনপ্রশাসন মন্ত্রণালয়,চট্টগ্রাম বিভাগ,জেলা প্রশাসকের কার্যালয় লক্ষ্মীপুর,সম্রাট খীসা,"অতিরিক্ত জেলা প্রশাসক (সার্বিক),(উন্নয়ন ও মানব সম্পদ ব্যবস্থাপনা)",০২৩৩৪৪৪১৪২১,০১৭৮৮৫৭৭৭০৩,adcglakshmipur@mopa.gov.bd,লক্ষ্মীপুর জেলা,https://objectstorage.ap-dcc-gazipur-1.oraclecloud15.com/n/axvjbnqprylg/b/V2Ministry/o/office-lakshmipur/2026/8/e42ea784-a106-47e5-99ed-d6e9c7e63dbd.jpeg,সাজিদা আক্তার সূচনা,সহকারী কমিশনার ও বিজ্ঞ এক্সিকিউটিভ ম্যাজিস্ট্রেট (প্রশিক্ষণরত),০১৩৩২৫৪৬০০৯,০১৩৩২৫৪৬০০৪,rdclakshmipur@mopa.gov.bd,"জেলা প্রশাসকের কার্যালয়, লক্ষ্মীপুর",https://objectstorage.ap-dcc-gazipur-1.oraclecloud15.com/n/axvjbnqprylg/b/V2Ministry/o/office-lakshmipur/2024/12/c3d441eb19924da198d2106b75d21014.jpg,ড. মোঃ জিয়াউদ্দীন,"কমিশনার, চট্টগ্রাম বিভাগ","অফিস: ০২৪১৩৬০৮০১ (সিএ), বাসা: ০২৩৩৩৩৬৫৭৬৬ (সিএ)",০১৭১৩১২০৭৯৫,divcomchittagong@mopa.gov.bd,লক্ষ্মীপুর জেলা,https://objectstorage.ap-dcc-gazipur-1.oraclecloud15.com/n/axvjbnqprylg/b/V2Ministry/o/office-chattogramdiv/2024/12/d8a00f3f21904a69ba9613f85b22aec7.jpg,https://lakshmipur.gov.bd/views/info-officers,2026-09-29
জনপ্রশাসন মন্ত্রণালয়,চট্টগ্রাম বিভাগ,বিভাগীয় কমিশনারের কার্যালয় চট্টগ্রাম,মুহাম্মদ ইনামুল হাছান,সিনিয়র সহকারী কমিশনার (উন্নয়ন শাখা) ও সিনিয়র সহকারী কমিশনার (লাইব্রেরী শাখা ও এপিএমবি) (অতিরিক্ত দায়িত্ব),০২-৪১৩৬০৭৯০,০১৩২৯-৭৬৩২০৩,devsecdivcom@gmail.com,চট্টগ্রাম বিভাগ,https://objectstorage.ap-dcc-gazipur-1.oraclecloud15.com/n/axvjbnqprylg/b/V2Ministry/o/office-chattogramdiv/2024/12/81835fa69d6946edae4c90ac4d0b1f86.jpeg,মোঃ হেদায়েত উল্যাহ্,বিভাগীয় কমিশনারের একান্ত সচিব ও সিনিয়র সহকারী কমিশনার (সংস্থাপন) (অতিরিক্ত দায়িত্ব),০২-৪১৩৬০৮০৮,০১৩২৯-৭৬৩২০৫,psdivcomchattogram@mopa.gov.bd,চট্টগ্রাম বিভাগ,https://objectstorage.ap-dcc-gazipur-1.oraclecloud15.com/n/axvjbnqprylg/b/V2Ministry/o/office-chattogramdiv/2024/12/43c09f51011b4d5eb9fb66b6929177a5.png,ড. শেখ আব্দুর রশীদ,মন্ত্রিপরিষদ সচিব (মন্ত্রিপরিষদ বিভাগ),০২-২২৬৬৪১৪৪৪,০১৭১১৫৯৫৫৮৫,cab_secy@cabinet.gov.bd,চট্টগ্রাম বিভাগ,https://objectstorage.ap-dcc-gazipur-1.oraclecloud15.com/n/axvjbnqprylg/b/V2Ministry/o/office-chattogramdiv/2024/12/8958c91f91a94252a4cb84ea46b15121.jpg,https://chattogramdiv.gov.bd/views/info-officers,2026-09-29
জনপ্রশাসন মন্ত্রণালয়,জনপ্রশাসন মন্ত্রণালয়,জনপ্রশাসন মন্ত্রণালয়,রিপন চাকমা,উপসচিব,৯৫৪০৬৮২,০১৭১৫২৫০২১৯,adminfa@mopa.gov.bd,"প্রশাসন-৩ শাখা, কক্ষ নং-১১৫, ভবন নং-৩, জনপ্রশাসন মন্ত্রণালয়",,,,,,,,,কে এম আলী আজম,সিনিয়র সচিব,৯৫৭০১০০,০১৫৫৬৩২১৭৯৩,secretary@mopa.gov.bd,"সচিবের দপ্তর, ভবন নং-১, কক্ষ নং-২১২, ৩য় তলা, জনপ্রশাসন মন্ত্রণালয়",,https://mopa.gov.bd/views/info-officers,2026-09-30
জনপ্রশাসন মন্ত্রণালয়,জনপ্রশাসন মন্ত্রণালয়,মুদ্রণ ও প্রকাশনা অধিদপ্তর,,,,,,,,,,,,,,,,,,,,,,https://dpp.gov.bd/views/info-officers,2026-09-30
জনপ্রশাসন মন্ত্রণালয়,জনপ্রশাসন মন্ত্রণালয়,সরকারী যানবাহন অধিদপ্তর,,,,,,,,,,,,,,,সুফিয়া নাজিম,"যুগ্মসচিব, শৃঙ্খলা ১ অধিশাখা",+৮৮ ০২-৯৫১৫১৪৭,,disbr1@mopa.gov.bd,,,https://dgt.gov.bd/views/info-officers,2026-09-30
জনপ্রশাসন মন্ত্রণালয়,ঢাকা বিভাগ,জেলা প্রশাসকের কার্যালয় কিশোরগঞ্জ,জনাব শেখ শোয়েব ইবনে রেজা (৪৩০০২৮২),"সহকারী কমিশনার ও এক্সিকিউটিভ ম্যাজিস্ট্রেট (শিক্ষা ও কল্যান শাখা, ট্রেজারী শাখা, সাধারণ শাখা, ব্যবসা বানিজ্য শাখা, আইসিটি শাখা, ই-সেবা )",০১৫৫২৯০৩২৮৮,০১৫৫২৯০৩২৮৮,rezashoaib02@gmail.com,কিশোরগঞ্জ জেলা,https://objectstorage.ap-dcc-gazipur-1.oraclecloud15.com/n/axvjbnqprylg/b/V2Ministry/o/office-kishoreganj/2026/7/76a9fd15-50e7-476d-8c2f-0b1eb7c1ae87.jpeg,জনাব মোঃ মশিউর রহমান খান (৪৩০০২৬৬),"সহকারী কমিশনার ও এক্সিকিউটিভ ম্যাজিস্ট্রেট (গোপনীয় শাখা, নেজারত শাখা, লাইব্রেরী শাখা ও মিডিয়া সেল)",০১৩৩২৮৫৭১০৮,০১৩৩২৮৫৭১০৮,mrkhan.admiin43@gmail.com,কিশোরগঞ্জ জেলা,https://objectstorage.ap-dcc-gazipur-1.oraclecloud15.com/n/axvjbnqprylg/b/V2Ministry/o/office-kishoreganj/2026/7/d041f362-34fb-4843-9a7a-97f04d2ac04e.png,মোঃ মনিরুজ্জামান মিঞা,বিভাগীয় কমিশনার,০২-৪৮৩১৫০৮৫,,divcomdhaka@mopa.gov.bd,"বিভাগীয় কমিশনারের কার্যালয়, ঢাকা",https://objectstorage.ap-dcc-gazipur-1.oraclecloud15.com/n/axvjbnqprylg/b/V2Ministry/o/office-dhakadiv/2026/5/9bf849e6-86f9-4fd0-bddb-d1d39091b6b5.jpg,https://kishoreganj.gov.bd/views/info-officers,2026-09-29
জনপ্রশাসন মন্ত্রণালয়,ঢাকা বিভাগ,জেলা প্রশাসকের কার্যালয় গাজীপুর,মোঃ মাশফিকুর রহমান আবরার (৪৩০০১১৬),"সহকারী কমিশনার (তথ্য ও অভিযোগ শাখা, প্রবাসী কল্যাণ শাখা এবং প্রকল্প পরিবীক্ষণ ও মূল্যায়ণ শাখা)",০১৬৭৩৬৬৪৫১৫,০১৬৭৩৬৬৪৫১৫,abrar2281@gmail.com,গাজীপুর জেলা,https://objectstorage.ap-dcc-gazipur-1.oraclecloud15.com/n/axvjbnqprylg/b/V2Ministry/o/office-gazipur/2024/12/d8c565f50a3149adbce6d36c7902a08f.jpeg,নূর নাহিন নিশাদ (৪৩০০১৪৩),সহকারী কমিশনার (আইসিটি শাখা ও স্থানীয় সরকার শাখা),০১৩৩৫৬২৪৪২৮,০১৩৩৫৬২৪৪২৮,mdnurnahin7215@gmail.com,গাজীপুর জেলা,https://objectstorage.ap-dcc-gazipur-1.oraclecloud15.com/n/axvjbnqprylg/b/V2Ministry/o/office-gazipur/2024/12/06dafad8e15142748cd9eb3fcac9ba90.jpg,মোঃ মনিরুজ্জামান মিঞা,বিভাগীয় কমিশনার,০২-৪৮৩১৫০৮৫,,divcomdhaka@mopa.gov.bd,"বিভাগীয় কমিশনারের কার্যালয়, ঢাকা",https://objectstorage.ap-dcc-gazipur-1.oraclecloud15.com/n/axvjbnqprylg/b/V2Ministry/o/office-dhakadiv/2026/5/9bf849e6-86f9-4fd0-bddb-d1d39091b6b5.jpg,https://gazipur.gov.bd/views/info-officers,2026-09-29
জনপ্রশাসন মন্ত্রণালয়,ঢাকা বিভাগ,জেলা প্রশাসকের কার্যালয় গোপালগঞ্জ,মোঃ নাজমুল হক স্বপন,"সহকারী কমিশনার ও এক্সিকিউটিভ ম্যাজিস্ট্রেট, নেজারত শাখা, রাজস্ব শাখা, ব্যবসা-বাণিজ্য শাখা, সাধারণ শাখা, সংস্থাপন শাখা, তথ্য প্রদানকারী কর্মকর্তা, প্রবাসী কল্যাণ সেল, পেনশন সেল, লাইব্রেরি শাখা, ফ্রন্ট ডেক্স শাখা ও কুইক সার্ভিস ডেলিভারি পয়েন্ট",০১৭৪৩১৯৯০৮৯,০১৭৮৮৭৫৪১৪৮,mdnazmulhaqueshapon@gmail.com,গোপালগঞ্জ জেলা,https://objectstorage.ap-dcc-gazipur-1.oraclecloud15.com/n/axvjbnqprylg/b/V2Ministry/o/office-gopalganj/2024/12/cadcca4650cc4df28286364bc4ec9724.jpeg,মোহাম্মদ আতাউর রহমান,"সহকারী কমিশনার ও এক্সিকিউটিভ ম্যাজিস্ট্রেট (গোপনীয় শাখা, রের্কড রুম শাখা, ত্রাণ শাখা, ভূমি অধিগ্রহণ শাখা, মিডিয়া সেল)",০,০১৫৪০২৭৯৭৬২,2022@gmail.com,গোপালগঞ্জ জেলা,https://objectstorage.ap-dcc-gazipur-1.oraclecloud15.com/n/axvjbnqprylg/b/V2Ministry/o/office-gopalganj/2024/12/4cd302a45a934d92b7e3260a80add8ea.jpeg,মোঃ মনিরুজ্জামান মিঞা,বিভাগীয় কমিশনার,০২-৪৮৩১৫০৮৫,,divcomdhaka@mopa.gov.bd,"বিভাগীয় কমিশনারের কার্যালয়, ঢাকা",https://objectstorage.ap-dcc-gazipur-1.oraclecloud15.com/n/axvjbnqprylg/b/V2Ministry/o/office-dhakadiv/2026/5/9bf849e6-86f9-4fd0-bddb-d1d39091b6b5.jpg,https://gopalganj.gov.bd/views/info-officers,2026-09-29
জনপ্রশাসন মন্ত্রণালয়,ঢাকা বিভাগ,জেলা প্রশাসকের কার্যালয় টাঙ্গাইল,মোঃ নাজমুস সাকিব (৪৩০০০৮০),"সহকারী কমিশনার ও এক্সিকিউটিভ ম্যাজিস্ট্রেট (শিক্ষানবিশ), সাধারণ শাখা, এনজিও শাখা, টাঙ্গাইল",০১৭৩৩৪৫৪৪৪৬,০১৭৩৩৪৫৪৪৪৬,sakibayon98@gmail.com,"জেলা প্রশাসকের কার্যালয়, টাঙ্গাইল",https://objectstorage.ap-dcc-gazipur-1.oraclecloud15.com/n/axvjbnqprylg/b/V2Ministry/o/office-tangail/2024/12/d41452dd0aa3469ebf36a3904fab1889.jpg,মো: রাকিব হাসান (৪৩০০১৩৩),"সহকারী কমিশনার ও এক্সিকিউটিভ ম্যাজিস্ট্রেট (শিক্ষানবিশ), জে এম শাখা, টাঙ্গাইল",০১৭৮৩১৬৫৮৯৩,০১৭৮৩১৬৫৮৯৩,rakibsykot23@gmail.com,"জেলা প্রশাসকের কার্যালয়, টাঙ্গাইল",https://objectstorage.ap-dcc-gazipur-1.oraclecloud15.com/n/axvjbnqprylg/b/V2Ministry/o/office-tangail/2024/12/22fd8a184d724b98add3b22f7939d2ed.jpg,মোঃ মনিরুজ্জামান মিঞা,বিভাগীয় কমিশনার,০২-৪৮৩১৫০৮৫,,divcomdhaka@mopa.gov.bd,"বিভাগীয় কমিশনারের কার্যালয়, ঢাকা",https://objectstorage.ap-dcc-gazipur-1.oraclecloud15.com/n/axvjbnqprylg/b/V2Ministry/o/office-dhakadiv/2026/5/9bf849e6-86f9-4fd0-bddb-d1d39091b6b5.jpg,https://tangail.gov.bd/views/info-officers,2026-09-29
জনপ্রশাসন মন্ত্রণালয়,ঢাকা বিভাগ,জেলা প্রশাসকের কার্যালয় ঢাকা,জনাব মির্জা মোঃ তাওসীফ শরীফ স্নিগ্ধ,সহকারী কমিশনার ও বিজ্ঞ এক্সিকিউটিভ ম্যাজিস্ট্রেট,০,০১৭৪৭৭৫৫৫০৬,acinfodhaka@gmail.com,"লাইব্রেরী শাখা, ফ্রন্টডেস্ক শাখা এবং তথ্য ও অভিযোগ শাখা",https://objectstorage.ap-dcc-gazipur-1.oraclecloud15.com/n/axvjbnqprylg/b/V2Ministry/o/office-dhaka/2024/12/0bf1fee9cb364da2ab3d3ed8ae195624.jpeg,জনাব আহসানুল আলম,সিনিয়র সহকারী কমিশনার এবং বিজ্ঞ এক্সিকিউটিভ ম্যাজিস্ট্রেট,,০১৬৭৬০৭৮৪০৭,acgendhaka@mopa.gov.bd,সাধারণ শাখা,https://objectstorage.ap-dcc-gazipur-1.oraclecloud15.com/n/axvjbnqprylg/b/V2Ministry/o/office-dhaka/2026/5/b21e4a80-1b64-42ff-bc2e-d21c22558d6a.jpeg,মোঃ মনিরুজ্জামান মিঞা,বিভাগীয় কমিশনার,০২-৪৮৩১৫০৮৫,,divcomdhaka@mopa.gov.bd,"বিভাগীয় কমিশনারের কার্যালয়, ঢাকা",https://objectstorage.ap-dcc-gazipur-1.oraclecloud15.com/n/axvjbnqprylg/b/V2Ministry/o/office-dhakadiv/2026/5/9bf849e6-86f9-4fd0-bddb-d1d39091b6b5.jpg,https://dhaka.gov.bd/views/info-officers,2026-09-29
জনপ্রশাসন মন্ত্রণালয়,ঢাকা বিভাগ,জেলা প্রশাসকের কার্যালয় নরসিংদী,এফএম. নাঈম হাসান শুভ ( Fm. Naim Hasan Shuvo),"সহকারী কমিশনার ও এক্সিকিউটিভ ম্যাজিস্ট্রেট (নেজারত,গোপনীয়, রেকর্ডরুম ও ট্রেজারি শাখা)",০১৭৬২৬৮৭০১৭,০১৭৬২৬৮৭০১৭,naimshuvoeee13@gmail.com,নরসিংদী জেলা,https://objectstorage.ap-dcc-gazipur-1.oraclecloud15.com/n/axvjbnqprylg/b/V2Ministry/o/office-narsingdi/2024/12/119120950f1f4a7ea3f708d55573ae63.jpeg,মো: মাসুদ রানা (MD. MASUD RANA),"সহকারী কমিশনার ও এক্সিকিউটিভ ম্যাজিস্ট্রেট (জুডিসিয়াল মুন্সিখানা, রাজস্ব মুন্সিখানা, অর্পিত সম্পত্তি ,উন্নয়ন ও মানবসম্পদ ব্যবস্থাপনা এবং জেনারেল সার্টিফিকেট শাখা)",০১৭৭৩৭৩৫৭৯৯,০১৭৭৩৭৩৫৭৯৯,rahatrahat1995@gmail.com,নরসিংদী জেলা,https://objectstorage.ap-dcc-gazipur-1.oraclecloud15.com/n/axvjbnqprylg/b/V2Ministry/o/office-narsingdi/2024/12/7ca080515bfb40fea21954ba94c50c38.jpeg,মোঃ মনিরুজ্জামান মিঞা,বিভাগীয় কমিশনার,০২-৪৮৩১৫০৮৫,,divcomdhaka@mopa.gov.bd,"বিভাগীয় কমিশনারের কার্যালয়, ঢাকা",https://objectstorage.ap-dcc-gazipur-1.oraclecloud15.com/n/axvjbnqprylg/b/V2Ministry/o/office-dhakadiv/2026/5/9bf849e6-86f9-4fd0-bddb-d1d39091b6b5.jpg,https://narsingdi.gov.bd/views/info-officers,2026-09-29
জনপ্রশাসন মন্ত্রণালয়,ঢাকা বিভাগ,জেলা প্রশাসকের কার্যালয় নারায়ণগঞ্জ,মোঃ তারিফ আল তাওহীদ (৪৩০০২০৪),"সহকারী কমিশনার ও এক্সিকিউটিভ ম্যাজিস্ট্রেট (জেনারেল সার্টিফিকেট শাখা, রেকর্ডরুম শাখা ,লাইব্রেরী শাখা ও রাজস্ব মুন্সিখানা শাখা )",০১৩৫৪৫৪৬৮৬৮,০১৩৫৪৫৪৬৮৬৮,tarifaltaohid@gmail.com,"জেলা প্রশাসকের কার্যালয়, নারায়ণগঞ্জ",https://objectstorage.ap-dcc-gazipur-1.oraclecloud15.com/n/axvjbnqprylg/b/V2Ministry/o/office-narayanganj/2024/12/49c17f77d58b47c08e8395d2809b97f6.jpeg,মোহাম্মদ শাহরিয়ার পারভেজ (৪৩০০০০৬),"সহকারী কমিশনার ও এক্সিকিউটিভ ম্যাজিস্ট্রেট (নেজারত শাখা, ট্রেজারী শাখা, জেলা প্রশাসক ,নারায়ণগঞ্জ এর গোপনীয় শাখা ও মিডিয়া ও রিসার্চ)",০১৭৮০০০৫০০৫(NDC),,shahrearpervez@gmail.com,"জেলা প্রশাসকের কার্যালয়, নারায়ণগঞ্জ",https://objectstorage.ap-dcc-gazipur-1.oraclecloud15.com/n/axvjbnqprylg/b/V2Ministry/o/office-narayanganj/2026/7/d203d8e7-386b-4cda-b9a1-f384fd8689a1.jpg,মোঃ মনিরুজ্জামান মিঞা,বিভাগীয় কমিশনার,০২-৪৮৩১৫০৮৫,,divcomdhaka@mopa.gov.bd,"বিভাগীয় কমিশনারের কার্যালয়, ঢাকা",https://objectstorage.ap-dcc-gazipur-1.oraclecloud15.com/n/axvjbnqprylg/b/V2Ministry/o/office-dhakadiv/2026/5/9bf849e6-86f9-4fd0-bddb-d1d39091b6b5.jpg,https://narayanganj.gov.bd/views/info-officers,2026-09-29
জনপ্রশাসন মন্ত্রণালয়,ঢাকা বিভাগ,জেলা প্রশাসকের কার্যালয় ফরিদপুর,মোছাঃ জান্নাতুল সুলতানা (৪৩০০১৯০),"সহকারী কমিশনার ও এক্সিকিউটিভ ম্যাজিস্ট্রেট (জেনারেল সার্টিফিকেট শাখা, রেকর্ড রুম শাখা, রেভিনিউ মুন্সিখানা শাখা, জেলা ই-সেবা কেন্দ্র)",০১৭৯৫৬০৮৩৯৮,০১৭৯৫৬০৮৩৯৮,jannatac43@gmail.com,ফরিদপুর জেলা,https://objectstorage.ap-dcc-gazipur-1.oraclecloud15.com/n/axvjbnqprylg/b/V2Ministry/o/office-faridpur/2024/12/7cf5e00738544fc0897d2767c0c1feb2.jpg,ইনসানা তানজীন ইকো (৪৩০০১১৭),"সহকারী কমিশনার ও এক্সিকিউটিভ ম্যাজিস্ট্রেট (জেএম শাখা, শিক্ষা ও কল্যাণ শাখা, প্রবাসী কল্যান শাখা)",০১৭৩৩৭৬১৫১৩,০১৭৩৩৭৬১৫১৩,insanaecho8792@gmail.com,ফরিদপুর জেলা,https://objectstorage.ap-dcc-gazipur-1.oraclecloud15.com/n/axvjbnqprylg/b/V2Ministry/o/office-faridpur/2024/12/57db740df65342d4afcfe1f581b48703.jpeg,মোঃ মনিরুজ্জামান মিঞা,বিভাগীয় কমিশনার,০২-৪৮৩১৫০৮৫,,divcomdhaka@mopa.gov.bd,"বিভাগীয় কমিশনারের কার্যালয়, ঢাকা",https://objectstorage.ap-dcc-gazipur-1.oraclecloud15.com/n/axvjbnqprylg/b/V2Ministry/o/office-dhakadiv/2026/5/9bf849e6-86f9-4fd0-bddb-d1d39091b6b5.jpg,https://faridpur.gov.bd/views/info-officers,2026-09-29
জনপ্রশাসন মন্ত্রণালয়,ঢাকা বিভাগ,জেলা প্রশাসকের কার্যালয় মাদারীপুর,সাহেদ কবীর(৪৪),সহকারী কমিশনার ও এক্সিকিউটিভ ম্যাজিস্ট্রেট (স্থানীয় সরকার শাখা; তথ্য ও অভিযোগ সেল; জেনারেল সার্টিফিকেট শাখা) ),০১৭৫৮৮২৬৯৮৬,০১৭৫৮৮২৬৯৮৬,skabirprotik@gmail.com,"জেলা প্রশাসকের কার্যালয়, মাদারীপুর।",https://objectstorage.ap-dcc-gazipur-1.oraclecloud15.com/n/axvjbnqprylg/b/V2Ministry/o/office-madaripur/2026/3/89f879f7-d919-4663-8dcd-2ff57381aa3b.jpg,মো: কামরুল হাসান(৪৩),সহকারী কমিশনার ও এক্সিকিউটিভ ম্যাজিস্ট্রেট (জেলা প্রশাসকের গোপনীয় শাখা; সংস্থাপন শাখা; ফ্রন্ট ডেস্ক; রেকর্ডরুম শাখা ),০১৩৩৪৯১৯৮১৯ (RRDC),০১৫৩৩২২০৩১১,hasanquamrul23@gmail.com,"জেলা প্রশাসকের কার্যালয়, মাদারীপুর।",https://objectstorage.ap-dcc-gazipur-1.oraclecloud15.com/n/axvjbnqprylg/b/V2Ministry/o/office-madaripur/2024/12/2cbd7f730ddc470b9a32bfb485a6a676.jpeg,মোঃ মনিরুজ্জামান মিঞা,বিভাগীয় কমিশনার,০২-৪৮৩১৫০৮৫,,divcomdhaka@mopa.gov.bd,"বিভাগীয় কমিশনারের কার্যালয়, ঢাকা",https://objectstorage.ap-dcc-gazipur-1.oraclecloud15.com/n/axvjbnqprylg/b/V2Ministry/o/office-dhakadiv/2026/5/9bf849e6-86f9-4fd0-bddb-d1d39091b6b5.jpg,https://madaripur.gov.bd/views/info-officers,2026-09-29
জনপ্রশাসন মন্ত্রণালয়,ঢাকা বিভাগ,জেলা প্রশাসকের কার্যালয় মানিকগঞ্জ,মোঃ আল জুনাঈদ (৪৩০০০৭২),সহকারী কমিশনার ও এক্সিকিউটিভ ম্যাজিস্ট্রেট (প্রশিক্ষণ আছেন )।।,,০১৭৪২৫২০৪৭৪,junayedeee121@gmail.com,মানিকগঞ্জ জেলা,https://objectstorage.ap-dcc-gazipur-1.oraclecloud15.com/n/axvjbnqprylg/b/V2Ministry/o/office-manikganj/2024/12/34c89155eb2747d8a7fe85fa666b039f.jpg,মোঃ মাসুদ আলী শাহরিয়ার (৪৩০০০৬৪),"সহকারী কমিশনার ও এক্সিকিউটিভ ম্যাজিস্ট্রেট (জে এম শাখা, সাধারণ শাখা, শিক্ষা শাখা, আইসিটি শাখা এবং প্রবাসী কল্যাণ শাখা)।",০১৭৯০৫৮৮০৪৮,০১৭৯০৫৮৮০৪৮,masud.shahriar786@gmail.com,মানিকগঞ্জ জেলা,https://objectstorage.ap-dcc-gazipur-1.oraclecloud15.com/n/axvjbnqprylg/b/V2Ministry/o/office-manikganj/2024/12/111debe76c34487298891230b6815481.jpg,মোঃ মনিরুজ্জামান মিঞা,বিভাগীয় কমিশনার,Telephone: 02-48315085,01713062404,divcomdhaka@mopa.gov.bd,,,https://manikganj.gov.bd/views/info-officers,2026-09-29
জনপ্রশাসন মন্ত্রণালয়,ঢাকা বিভাগ,জেলা প্রশাসকের কার্যালয় মুন্সীগঞ্জ,মোঃ আবু বকর সিদ্দিক (৪৩০০০৯৯),"সহকারী কমিশনার ও এক্সিকিউটিভ ম্যাজিস্ট্রেট (নেজারত শাখা, ট্রেজারী শাখা, ব্যবসা বাণিজ্য শাখা, শিক্ষা শাখা, আইসিটি শাখা, তথ্য ও অভিযোগ শাখা, ফরমস এন্ড স্টেশনারি শাখা)",০১৭৬২৬৮৭২৬২,০১৭৫৫১৩৩৪২০,ndcmunshiganj@mopa.gov.bd,মুন্সীগঞ্জ জেলা,https://objectstorage.ap-dcc-gazipur-1.oraclecloud15.com/n/axvjbnqprylg/b/V2Ministry/o/office-munshiganj/2024/12/84191125209740988a1fcef001885a36.jpeg,মোঃ মাহমুদুর রহমান খোন্দকার (১৭৬৯১),অতিরিক্ত জেলা প্রশাসক (রাজস্ব) ও অতিরিক্ত জেলা প্রশাসক (সার্বিক),০২৯৯৭৭৩১০০২,"০১৭৬২৬৮৭২৫৩, ০১৭৬২৬৮৭২৫২",adcrevenuemunshiganj@gmail.com,মুন্সীগঞ্জ জেলা,https://objectstorage.ap-dcc-gazipur-1.oraclecloud15.com/n/axvjbnqprylg/b/V2Ministry/o/office-munshiganj/2024/12/91496240887d4d4dabe0f28269a1a00d.jpeg,মোঃ মনিরুজ্জামান মিঞা,বিভাগীয় কমিশনার,০২-৪৮৩১৫০৮৫,,divcomdhaka@mopa.gov.bd,"বিভাগীয় কমিশনারের কার্যালয়, ঢাকা",https://objectstorage.ap-dcc-gazipur-1.oraclecloud15.com/n/axvjbnqprylg/b/V2Ministry/o/office-dhakadiv/2026/5/9bf849e6-86f9-4fd0-bddb-d1d39091b6b5.jpg,https://munshiganj.gov.bd/views/info-officers,2026-09-29
জনপ্রশাসন মন্ত্রণালয়,ঢাকা বিভাগ,জেলা প্রশাসকের কার্যালয় রাজবাড়ী,"এস,এম,রায়হানুল ইসলাম","সহকারী কমিশনার ও এক্সিকিউটিভ ম্যাজিস্ট্রেট (১.নেজারত শাখা, ২. ট্রেজারি শাখা, ৩.সংস্থাপন শাখা, ৪.সাধারণ শাখা )",০১৭৩৩৩৩৬৪০৯,০১৭১২৫৮৯৬২৪,acgenrajbari@mopa.gov.bd,রাজবাড়ী জেলা,https://objectstorage.ap-dcc-gazipur-1.oraclecloud15.com/n/axvjbnqprylg/b/V2Ministry/o/office-rajbari/2024/12/0a326629eee54f2195c4b6a6d7a644d0.jpeg,মোঃ মিজানুর রহমান,"সহকারী কমিশনার ও এক্সিকিউটিভ ম্যাজিস্ট্রেট (১. স্থানীয় সরকার শাখা, ২. রেকর্ড রুম শাখা ৩. অর্পিত সম্পত্তি সেল, ৪. প্রবাসী কল্যাণ শাখা. ৫. ফরমস এন্ড স্টেশনারি শাখা",০১৮৫৩০৩৯০৬৮,০১৮৫৩০৩৯০৬৮,aclgrajbari@mopa.gov.bd,রাজবাড়ী জেলা,https://objectstorage.ap-dcc-gazipur-1.oraclecloud15.com/n/axvjbnqprylg/b/V2Ministry/o/office-rajbari/2024/12/346d3dc0ee74493d9efe75b6e6f46e09.jpeg,মোঃ মনিরুজ্জামান মিঞা,বিভাগীয় কমিশনার,০২-৪৮৩১৫০৮৫,,divcomdhaka@mopa.gov.bd,"বিভাগীয় কমিশনারের কার্যালয়, ঢাকা",https://objectstorage.ap-dcc-gazipur-1.oraclecloud15.com/n/axvjbnqprylg/b/V2Ministry/o/office-dhakadiv/2026/5/9bf849e6-86f9-4fd0-bddb-d1d39091b6b5.jpg,https://rajbari.gov.bd/views/info-officers,2026-09-29
জনপ্রশাসন মন্ত্রণালয়,ঢাকা বিভাগ,জেলা প্রশাসকের কার্যালয় শরীয়তপুর,মেহেরা আফরোজ সুবর্ণা,"সহকারী কমিশনার ও বিজ্ঞ এক্সিকিউটিভ ম্যাজিস্ট্রেট ( সাধারন শাখা, সংস্থাপন শাখা ও প্রবাসী কল্যাণ শাখা )",০১৭২০২১৬৯৯২,০১৭২০২১৬৯৯২,suborna86.44bcs@gmail.com,"জেলা প্রশাসকের কার্যালয়,শরীয়তপুর",https://objectstorage.ap-dcc-gazipur-1.oraclecloud15.com/n/axvjbnqprylg/b/V2Ministry/o/office-shariatpur/2024/12/21c096e2665e4a3db6367f17c7cb7584.jpg,মো: মেহেদী হাসান পলাশ,"সহকারী কমিশনার ও বিজ্ঞ এক্সিকিউটিভ ম্যাজিস্ট্রেট ( জেএম শাখা, গোপনীয় শাখা ও আইসিটি শাখা )",,০১৩০১২৭২২৩৩,mhpolash12@gmail.com,"জেলা প্রশাসকের কার্যালয়,শরীয়তপুর",https://objectstorage.ap-dcc-gazipur-1.oraclecloud15.com/n/axvjbnqprylg/b/V2Ministry/o/office-shariatpur/2024/12/e806b98670b64ccaa3a9b7f2963b7131.jpg,মোঃ মনিরুজ্জামান মিঞা,বিভাগীয় কমিশনার,০২-৪৮৩১৫০৮৫,,divcomdhaka@mopa.gov.bd,"বিভাগীয় কমিশনারের কার্যালয়, ঢাকা",https://objectstorage.ap-dcc-gazipur-1.oraclecloud15.com/n/axvjbnqprylg/b/V2Ministry/o/office-dhakadiv/2026/5/9bf849e6-86f9-4fd0-bddb-d1d39091b6b5.jpg,https://shariatpur.gov.bd/views/info-officers,2026-09-29
জনপ্রশাসন মন্ত্রণালয়,ঢাকা বিভাগ,বিভাগীয় কমিশনারের কার্যালয় ঢাকা,সায়মা রাইয়ান,সহকারী কমিশনার (সাধারণ/সংস্থাপন/শিক্ষা ও আইসিটি/উন্নয়ন এবং বিশেষ সেল),,০১৬৭৬৩৬৬১৮৩,saymaraian001@gmail.com,"বিভাগীয় কমিশনারের কার্যালয়, ঢাকা",https://objectstorage.ap-dcc-gazipur-1.oraclecloud15.com/n/axvjbnqprylg/b/V2Ministry/o/office-dhakadiv/2026/8/9f51f62e-5756-479e-957b-34dbe14517d3.jpg,মোছা: সেলিনা বানু,উপসচিব (রাজস্ব/ভূমি অধিগ্রহণ/মাঠ প্রশাসন (অতিরিক্ত দায়িত্ব),,০১৭১১৮৭০৩৬৮,revsecdhakadiv@gmail.com,"বিভাগীয় কমিশনারের কার্যালয়, ঢাকা",https://objectstorage.ap-dcc-gazipur-1.oraclecloud15.com/n/axvjbnqprylg/b/V2Ministry/o/office-dhakadiv/2026/8/e449d605-30d1-4946-a570-3eb493b78e8f.jpg,জনাব নাসিমুল গনি (৩১০৭),মন্ত্রিপরিষদ সচিব,০২-২২৬৬৪১৪৪৪,,cab_secy@cabinet.gov.bd,মন্ত্রিপরিষদ বিভাগ,https://objectstorage.ap-dcc-gazipur-1.oraclecloud15.com/n/axvjbnqprylg/b/V2Ministry/o/office-cabinet/2026/1/1abbb9c5-f179-440f-8c56-f57a1a45a8bd.jpeg,https://dhakadiv.gov.bd/views/info-officers,2026-09-29
জনপ্রশাসন মন্ত্রণালয়,বরিশাল বিভাগ,জেলা প্রশাসকের কার্যালয় ঝালকাঠি,মোঃ ফজলে রাব্বী আসিফ,সহকারী কমিশনার (শিক্ষানবিশ) ও এক্সিকিউটিভ ম্যাজিস্ট্রেট (ট্রেজারী শাখা),,০১৩-১২৮-২৯৯৩৪,frasif00@gmail.com,"জেলা প্রশাসকের কার্যালয়, ঝালকাঠি",https://objectstorage.ap-dcc-gazipur-1.oraclecloud15.com/n/axvjbnqprylg/b/V2Ministry/o/office-jhalakathi/2024/12/dd0d6e87077a4585ab49b2c6538c3fa2.jpg,মো: কাওছার হোসেন,অতিরিক্ত জেলা প্রশাসক (সার্বিক),০১৭১৮৮৩০৮৯৫,০১৭১৮৮৩০৮৯৫,kowsar.hossen17436@gmail.com,"জেলা প্রশাসকের কার্যালয়, ঝালকাঠি",https://objectstorage.ap-dcc-gazipur-1.oraclecloud15.com/n/axvjbnqprylg/b/V2Ministry/o/office-jhalakathi/2024/12/40db706198bb4db39df08911303d7d8e.jpg,মোহাম্মদ মাহফুজুর রহমান (পরিচিত নং-৬৫৬০),বিভাগীয় কমিশনার (অতিরিক্ত সচিব),০২৪৭৮৮৬৫০৩৮,০১৭১৩৪৫০০৫৯,divcombarisal@mopa.gov.bd,ঝালকাঠি জেলা,https://objectstorage.ap-dcc-gazipur-1.oraclecloud15.com/n/axvjbnqprylg/b/V2Ministry/o/office-barisaldiv/2024/12/1006f98059084f5b9c479761f05eb0ca.jpg,https://jhalakathi.gov.bd/views/info-officers,2026-09-29
জনপ্রশাসন মন্ত্রণালয়,বরিশাল বিভাগ,জেলা প্রশাসকের কার্যালয় পটুয়াখালী,আল- হাসীব মোঃ তাসফিকুল ইসলাম,"সহকারী কমিশনার ও এক্সিকিউটিভ ম্যাজিস্ট্রেট (স্থানীয় সরকার শাখা, জুডিশিয়াল মুন্সিখানা,ভূমি অধিগ্রহণ শাখা-২, তথ্য ও অভিযোগ শাখা, মানবাধিকার বিষয়ক ফোকাল ডেস্ক, ফ্রন্ট ডেস্ক)",০১৬৮৩৩২৭১৭৮,০১৬৮৩৩২৭১৭৮,Hasib4300027@gmail.com,"জেলা প্রশাসকের কার্যালয়, পটুয়াখালী",https://objectstorage.ap-dcc-gazipur-1.oraclecloud15.com/n/axvjbnqprylg/b/V2Ministry/o/office-patuakhali/2024/12/0369b6b6f849436fa9a8b6926602439b.jpeg,আকিব রায়হান,"সহকারী কমিশনার ও এক্সিকিউটিভ ম্যাজিস্ট্রেট (নেজারত শাখা, ট্রেজারী শাখা, ব্যবসা ও বাণিজ্য শাখা, মিডিয়া সেল)",০১৭৩৩৩৩৪১১১,০১৭৩৩৩৩৪১১১,akibraihanacc@gmail.com,"জেলা প্রশাসকের কার্যালয়, পটুয়াখালী",https://objectstorage.ap-dcc-gazipur-1.oraclecloud15.com/n/axvjbnqprylg/b/V2Ministry/o/office-patuakhali/2024/12/e2a3eab6e9a9494bac3abf08a2989d15.jpg,খলিল আহমেদ (পরিচিতি নং-৬৭১৮),বিভাগীয় কমিশনার,০২৪৭৮৮৩৩০৩৮,০১৭১৩৪৫০০৫৯,divcombarisal@mopa.gov.bd,"বিভাগীয় কমিশনারের কার্যালয়, বরিশাল",https://objectstorage.ap-dcc-gazipur-1.oraclecloud15.com/n/axvjbnqprylg/b/V2Ministry/o/office-barishaldiv/2026/4/96c26c1c-ae10-4660-bd77-cf3418d64f83.jpeg,https://patuakhali.gov.bd/views/info-officers,2026-09-29
জনপ্রশাসন মন্ত্রণালয়,বরিশাল বিভাগ,জেলা প্রশাসকের কার্যালয় পিরোজপুর,জনাব নব গোপাল সাহা,"সহকারী কমিশনার ও এক্সিকিউটিভ ম্যাজিস্ট্রেট (সাধারন শাখা, জুডি: মুন্সিখানা শাখা, জেলা কারা:(জেল সুপারের অনুপস্থিতকালীন, অভিযোগ নিষ্পতিকারী কর্মকর্তা, তথ্য প্রদানকারী কর্মকর্তা, ফ্রন্ট ডেস্ক শাখা, ০৩ বছর মেয়াদী কর্মপরিকল্পনা প্রণয়ন ও বাস্তবায়ন এবং টেকসই",০১৭০৪৮১৫১৬৪,০১৭০৪৮১৫১৬৪,ngsaha.akash007@gmail.com,পিরোজপুর জেলা,https://objectstorage.ap-dcc-gazipur-1.oraclecloud15.com/n/axvjbnqprylg/b/V2Ministry/o/office-pirojpur/2024/12/d8166cc601f84b98ad3e9ba0a7a17cb6.jpg,,,,,,,,মোঃ আহসান হাবিব (যুগ্মসচিব) (পরিচিতি নং-১৫৩৯৭),অতিরিক্ত বিভাগীয় কমিশনার (সার্বিক),০২৪৭৮৮৬৪৯৩৫,০১৩১৩০১২৩০১ (অফিসিয়াল),adldivcomgbarishal@mopa.gov.bd,"বিভাগীয় কমিশনারের কার্যালয়, বরিশাল",https://objectstorage.ap-dcc-gazipur-1.oraclecloud15.com/n/axvjbnqprylg/b/V2Ministry/o/office-barisaldiv/2024/12/2ea6dc4235484195b3829f346ce9bd62.png,https://pirojpur.gov.bd/views/info-officers,2026-09-29
জনপ্রশাসন মন্ত্রণালয়,বরিশাল বিভাগ,জেলা প্রশাসকের কার্যালয় বরগুনা,তানভীর তাজওয়ার,"সহকারী কমিশনার ও এক্সিকিউটিভ ম্যাজিস্ট্রেট (স্থানীয় সরকার শাখা, সংস্থাপন শাখা, ফ্রন্টডেস্ক, জেনারেল সার্টিফিকেট শাখা, জুডিশিয়াল মুন্সিখানা শাখা, তথ্য প্রদানকারী কর্মকর্তা)",০১৩৪১৬৭০৪৪৬,০১৩৪১৬৭০৪৪৬,tanvir.tajwar@gmail.com,বরগুনা জেলা,https://objectstorage.ap-dcc-gazipur-1.oraclecloud15.com/n/axvjbnqprylg/b/V2Ministry/o/office-barguna/2024/12/1437458877db4f979a4b6bec978d6222.jpeg,মোঃ গোলাম কিবরিয়া নাঈম,"সহকারী কমিশনার ও এক্সিকিউটিভ ম্যাজিস্ট্রেট (রাজস্ব শাখা, গোপনীয় শাখা, ভূমি অধিগ্রহণ শাখা, রাজস্ব মুন্সীখানা, মিডিয়া সেল)",০১৭৩১৯৪০৪২৪,০১৭৩১৯৪০৪২৪,,বরগুনা জেলা,https://objectstorage.ap-dcc-gazipur-1.oraclecloud15.com/n/axvjbnqprylg/b/V2Ministry/o/office-barguna/2026/3/90b9c8f8-dd9b-4859-843e-db8b2e16a161.jpeg,খলিল আহমেদ (পরিচিতি নং-৬৭১৮),বিভাগীয় কমিশনার,০২৪৭৮৮৩৩০৩৮,০১৭১৩৪৫০০৫৯,divcombarisal@mopa.gov.bd,"বিভাগীয় কমিশনারের কার্যালয়, বরিশাল",https://objectstorage.ap-dcc-gazipur-1.oraclecloud15.com/n/axvjbnqprylg/b/V2Ministry/o/office-barishaldiv/2026/4/96c26c1c-ae10-4660-bd77-cf3418d64f83.jpeg,https://barguna.gov.bd/views/info-officers,2026-09-29
জনপ্রশাসন মন্ত্রণালয়,বরিশাল বিভাগ,জেলা প্রশাসকের কার্যালয় বরিশাল,,,,,,,,তানভীর মুহাম্মদ ইশতিয়াক (৪৩০০২৭০),"স্টাফ অফিসার টু ডিসি (এসি কন.), সহকারী কমিশনার (শিক্ষা ও কল্যাণ শাখা, মিডিয়া সেল এবং এনজিও সেল) ও এক্সিকিউটিভ ম্যাজিস্ট্রেট",,০১৬৭৭৫৩৯০০৪,ishtiaqtanvir@gmail.com,বরিশাল জেলা,https://objectstorage.ap-dcc-gazipur-1.oraclecloud15.com/n/axvjbnqprylg/b/V2Ministry/o/office-barishal/2024/12/6a01097f65b9487a956c92b0008c9971.jpg,খলিল আহমেদ (পরিচিতি নং-৬৭১৮),বিভাগীয় কমিশনার,০২৪৭৮৮৩৩০৩৮,০১৭১৩৪৫০০৫৯,divcombarisal@mopa.gov.bd,"বিভাগীয় কমিশনারের কার্যালয়, বরিশাল",https://objectstorage.ap-dcc-gazipur-1.oraclecloud15.com/n/axvjbnqprylg/b/V2Ministry/o/office-barishaldiv/2026/4/96c26c1c-ae10-4660-bd77-cf3418d64f83.jpeg,https://barisal.gov.bd/views/info-officers,2026-09-29
জনপ্রশাসন মন্ত্রণালয়,বরিশাল বিভাগ,জেলা প্রশাসকের কার্যালয় ভোলা,মো: জয়নাল আবেদীন (৪৩০০১৫৭),"সহকারী কমিশনার (১। স্থানীয় সরকার শাখা, ২। জে.এম শাখা ৩। এনজিও বিষয়ক কার্যক্রম ৪। ফ্রন্টডেক্স শাখা ৫। তথ্য ও অভিযোগ শাখা ৬। আইসিটি শাখা ৭। শিক্ষা শাখা) ও বিজ্ঞ এক্সিকিউটিভ ম্যাজিস্ট্রেট",০১৮৮৫-৫১২৯২৩,০১৮৮৫-৫১২৯২৩,abedenjoynal311@gmail.com,"জেলা প্রশাসকের কার্যালয়, ভোলা।",https://objectstorage.ap-dcc-gazipur-1.oraclecloud15.com/n/axvjbnqprylg/b/V2Ministry/o/office-bhola/2024/12/aadbd7df380a43e1b67ee43fed87f0cd.jpg,এ.টি.এম রুহুল আমিন (৪৩০০০৫৬),সহকারী কমিশনার (১। নেজারত শাখা ২। গোপনীয় শাখা ৩। ট্রেজারি শাখা ৪। ব্যবসা বাণিজ্য শাখা ৫। অডিট সেল ৬। মিডিয়া সেল ৭। ভূমি অধিগ্রহণ শাখা) ও বিজ্ঞ এক্সিকিউটিভ ম্যাজিস্ট্রেট,০১৭৮৬৫৮৬১০১(নেজারত শাখা) ০১৩৫০০৪১৩৭০(গোপনীয় শাখা),০১৬৮০৩৭৫৫৩২,aminruhul43bcs@gmail.com,"জেলা প্রশাসকের কার্যালয়, ভোলা।",https://objectstorage.ap-dcc-gazipur-1.oraclecloud15.com/n/axvjbnqprylg/b/V2Ministry/o/office-bhola/2026/2/255873ac-8491-420c-9449-4bebdc204c67.jpg,খলিল আহমেদ (পরিচিতি নং-৬৭১৮),বিভাগীয় কমিশনার,০২৪৭৮৮৩৩০৩৮,০১৭১৩৪৫০০৫৯,divcombarisal@mopa.gov.bd,"বিভাগীয় কমিশনারের কার্যালয়, বরিশাল",https://objectstorage.ap-dcc-gazipur-1.oraclecloud15.com/n/axvjbnqprylg/b/V2Ministry/o/office-barishaldiv/2026/4/96c26c1c-ae10-4660-bd77-cf3418d64f83.jpeg,https://bhola.gov.bd/views/info-officers,2026-09-29
জনপ্রশাসন মন্ত্রণালয়,বরিশাল বিভাগ,বিভাগীয় কমিশনারের কার্যালয় বরিশাল,জিসান বিন মাজেদ,"সিনিয়র সহকারী কমিশনার (সাধারণ, আইসিটি ও ফ্রন্টডেস্ক শাখা)",০২৪৭৮৮৬৪৩৮৫,০১৭১১০৮৬২৯২,zissan_buet@hotmail.com,বরিশাল বিভাগ,,মোঃ নজরুল ইসলাম,"‍সিনিয়র সহকারী কমিশনার (বিভাগীয় কমিশনারের একান্ত সচিব, সংস্থাপন-১ ও বিভাগীয় নির্বাচনী বোর্ড )",০২৪৭৮৮৬৫০৩০,০১৭১৫৮০৫৫০৬,nzrulislm@gmail.com,বরিশাল বিভাগ,,জনাব নাসিমুল গনি (৩১০৭),মন্ত্রিপরিষদ সচিব,০২-২২৬৬৪১৪৪৪,০২-২২৬৬৪১৪৪৪,cab_secy@cabinet.gov.bd,মন্ত্রিপরিষদ বিভাগ,,https://barisaldiv.gov.bd/views/info-officers,2026-09-29
জনপ্রশাসন মন্ত্রণালয়,বাংলাদেশ সরকারী কর্মকমিশন সচিবালয়,বাংলাদেশ সরকারী কর্মকমিশন সচিবালয়,মোঃ মাহফুজুর রহমান,পরীক্ষা নিয়ন্ত্রক (ননক্যাডার),৫৫০০৬৭২৫,,e_ncc@bpsc.gov.bd,বাংলাদেশ সরকারী কর্ম কমিশন সচিবালয়,https://objectstorage.ap-dcc-gazipur-1.oraclecloud15.com/n/axvjbnqprylg/b/V2Ministry/o/office-bpsc/2026/1/5286fd8e-042b-418a-871f-4f20685a1e9b.jpeg,,,,,,,,মোঃ ফজলুর রহমান,সচিব,+৮৮০২৫৫০০৬৬২২,,secretary@bpsc.gov.bd,বাংলাদেশ সরকারী কর্ম কমিশন সচিবালয়,https://objectstorage.ap-dcc-gazipur-1.oraclecloud15.com/n/axvjbnqprylg/b/V2Ministry/o/office-bpsc/2026/6/fb68f810-dce4-4ee8-87f2-a3b2bc527f0f.jpeg,https://bpsc.gov.bd/views/info-officers,2026-09-29
জনপ্রশাসন মন্ত্রণালয়,ময়মনসিংহ বিভাগ,জেলা প্রশাসকের কার্যালয় জামালপুর,মোঃ আশরাফুল আলম রাসেল (১৮১১৬),সিনিয়র সহকারী কমিশনার ও এক্সিকিউটিভ ম্যাজিস্ট্রেট (১। সাধারণ শাখা ২। শিক্ষা ও কল্যাণ শাখা ৩। তথ্য ও অভিযোগ শাখা ৪। ব্যবসা ও বাণিজ্য শাখা),০১৮৮৭৫২২৮৮৫,০১৮৮৭৫২২৮৮৫,ashrafrasel51@gmail.com,জামালপুর জেলা,https://objectstorage.ap-dcc-gazipur-1.oraclecloud15.com/n/axvjbnqprylg/b/V2Ministry/o/office-jamalpur/2026/7/5083e717-2389-4f17-98e6-e9b64a7ea8d2.jpeg,শাহীন কাওছার(4100183),সহকারী কমিশনার ১। ভূমি অধিগ্রহণ শাখা ২। রাজস্ব শাখা ৩। ভিপি সেল ৪। জেনারেল সার্টিফিকেট ৫। আরএম শাখা,০১৭০৯৯৭০০১৭ (RDC),০১৭০৯৯৭০০১৭ (RDC),shahinacc2022@gmail.com,জামালপুর জেলা,https://objectstorage.ap-dcc-gazipur-1.oraclecloud15.com/n/axvjbnqprylg/b/V2Ministry/o/office-jamalpur/2024/12/0fb500d9135542c6a4ff176affe111b1.jpeg,এস এম হুমায়ুন কবির সরকার,বিভাগীয় কমিশনার,"ফোন (অফিস) : ০২-৯৯৬৬৬১৪৪৪ (সিএ), ০২৯৯৭৭১০২৪৭ (সরাসরি)",+৮৮০১৭১৩৩৭৯৮২২,divcommymensingh@mopa.gov.bd,জামালপুর জেলা,https://objectstorage.ap-dcc-gazipur-1.oraclecloud15.com/n/axvjbnqprylg/b/V2Ministry/o/office-mymensinghdiv/2026/6/99b04a3c-38c0-4030-ab31-de1e906bb23a.JPG,https://jamalpur.gov.bd/views/info-officers,2026-09-29
জনপ্রশাসন মন্ত্রণালয়,ময়মনসিংহ বিভাগ,জেলা প্রশাসকের কার্যালয় নেত্রকোণা,মোঃ সাহাবুদ্দিন (৪৩০০২৬৭),"সহকারী কমিশনার ও এক্সিকিউটিভ ম্যাজিস্ট্রেট (জেএম শাখা, প্রবাসী কল্যাণ শাখা, শিক্ষা শাখা, মহাফেজখানা শাখা, আরএম শাখা, ব্যাবসা বাণিজ্য শাখা ও তথ্য ও অভিযোগ শাখা)",০১৭১৯৭৭৭৯৭৫,০১৭১৯৭৭৭৯৭৫,acjmnetrokona@mopa.gov.bd,"জেলা প্রশাসকের কার্যালয়, নেত্রকোণা",https://objectstorage.ap-dcc-gazipur-1.oraclecloud15.com/n/axvjbnqprylg/b/V2Ministry/o/office-netrokona/2026/0/d327f73f-af08-49e3-a6d9-fd210c04b326.jpeg,দোলা বসাক (৪৩০০২৫১),"সহকারী কমিশনার ও এক্সিকিউটিভ ম্যাজিস্ট্রেট (সাধারণ শাখা, এনজিও সেল ও লাইব্রেরী শাখা )",,০১৭৮৯১৩২৫৬৪,acgennetrokona@mopa.gov.bd,"জেলা প্রশাসকের কার্যালয়, নেত্রকোণা",https://objectstorage.ap-dcc-gazipur-1.oraclecloud15.com/n/axvjbnqprylg/b/V2Ministry/o/office-netrokona/2026/8/b6a94791-514e-44fa-ad10-6095f0880e76.jpg,এস এম হুমায়ুন কবির সরকার,বিভাগীয় কমিশনার,"ফোন (অফিস) : ০২-৯৯৬৬৬১৪৪৪ (সিএ), ০২৯৯৭৭১০২৪৭ (সরাসরি)",+৮৮০১৭১৩৩৭৯৮২২,divcommymensingh@mopa.gov.bd,নেত্রকোণা জেলা,https://objectstorage.ap-dcc-gazipur-1.oraclecloud15.com/n/axvjbnqprylg/b/V2Ministry/o/office-mymensinghdiv/2026/6/99b04a3c-38c0-4030-ab31-de1e906bb23a.JPG,https://netrokona.gov.bd/views/info-officers,2026-09-29
জনপ্রশাসন মন্ত্রণালয়,ময়মনসিংহ বিভাগ,জেলা প্রশাসকের কার্যালয় ময়মনসিংহ,মুহাঃ সাব্বির হুসাইন (৪৩),"সহকারী কমিশনার (স্টাফ অফিসার টু ডিসি, মিডিয়া সেল, ফ্রন্টডেস্ক শাখা, শিক্ষা ও কল্যাণ শাখা, লাইব্রেরী শাখা)",,+৮৮০১৭৩৩৩৭৩৩১৯,acictmymensingh@mopa.gov.bd,"জেলা প্রশাসকের কার্যালয়, ময়মনসিংহ",https://objectstorage.ap-dcc-gazipur-1.oraclecloud15.com/n/axvjbnqprylg/b/V2Ministry/o/office-mymensingh/2024/12/04419cdb06754c348bfca1a6769eace3.jpg,শানিরুল ইসলাম শাওন (৪৩),সহকারী কমিশনার (ট্রেজারী শাখা ও নেজারত শাখা),,০১৭৩৩৩৭৩৩০৬,ndcmymensingh@gmail.com,"জেলা প্রশাসকের কার্যালয়, ময়মনসিংহ",https://objectstorage.ap-dcc-gazipur-1.oraclecloud15.com/n/axvjbnqprylg/b/V2Ministry/o/office-mymensingh/2024/12/86e520cdbc0e4a5586ad19f682b71f9d.jpeg,এস এম হুমায়ুন কবির সরকার,বিভাগীয় কমিশনার,"ফোন (অফিস) : ০২-৯৯৬৬৬১৪৪৪ (সিএ), ০২৯৯৭৭১০২৪৭ (সরাসরি)",+৮৮০১৭১৩৩৭৯৮২২,divcommymensingh@mopa.gov.bd,ময়মনসিংহ জেলা,https://objectstorage.ap-dcc-gazipur-1.oraclecloud15.com/n/axvjbnqprylg/b/V2Ministry/o/office-mymensinghdiv/2026/6/99b04a3c-38c0-4030-ab31-de1e906bb23a.JPG,https://mymensingh.gov.bd/views/info-officers,2026-09-29
জনপ্রশাসন মন্ত্রণালয়,ময়মনসিংহ বিভাগ,জেলা প্রশাসকের কার্যালয় শেরপুর,ডা. মোঃ মাহমুদুল হাসান,সহকারী কমিশনার (১.গোপনীয় শাখা ২.মিডিয়া সেল ৩.আইসিটি শাখা ৪.লাইব্রেরী শাখা ৫.তথ্য ও অভিযোগ শাখা ৬.স্থানীয় সরকার শাখা ৭.প্রবাসী কল্যাণ সেল ৮.শিক্ষা ও কল্যাণ শাখা ৯.জুডিশিয়াল মুন্সীখানা শাখা ১০.শেরপুর কালেক্টরেট স্কুল ও কলেজ) ও এক্সিকিউটিভ ম্যাজিস্ট্রেট,,০১৮৯২১০৭৪৮৬,piashmahmud696@gmail.com,শেরপুর জেলা,https://objectstorage.ap-dcc-gazipur-1.oraclecloud15.com/n/axvjbnqprylg/b/V2Ministry/o/office-sherpur/2024/12/9253e7f4c7934e61bfc041be7f35fe7e.jpg,রাজিব সরকার,সহকারী কমিশনার ( ১.নেজারত শাখা ২.সাধারণ শাখা ৩.ট্রেজারী শাখা ৪.ব্যবসা বাণিজ্য ও বিনিয়োগ শাখা ৫.উন্নয়ন ও মানব সম্পদ ব্যবস্থাপনা শাখা ৬.জেলা ব্রান্ডিং এন্ড পর্যটন সেল ৭. ফ্রন্টডেস্ক শাখা(নাগরিক সেবা কেন্দ্র))ও এক্সিকিউটিভ ম্যাজিস্ট্রেট,+৮৮০৯৩১৬১৫১৩,০১৭৪০৬০২৪১১,ndcsherpur@mopa.gov.bd,শেরপুর জেলা,https://objectstorage.ap-dcc-gazipur-1.oraclecloud15.com/n/axvjbnqprylg/b/V2Ministry/o/office-sherpur/2024/12/9e8a89fec1b24f449dd9f01376255434.jpg,এস এম হুমায়ুন কবির সরকার,বিভাগীয় কমিশনার,"ফোন (অফিস) : ০২-৯৯৬৬৬১৪৪৪ (সিএ), ০২৯৯৭৭১০২৪৭ (সরাসরি)",+৮৮০১৭১৩৩৭৯৮২২,divcommymensingh@mopa.gov.bd,শেরপুর জেলা,https://objectstorage.ap-dcc-gazipur-1.oraclecloud15.com/n/axvjbnqprylg/b/V2Ministry/o/office-mymensinghdiv/2026/6/99b04a3c-38c0-4030-ab31-de1e906bb23a.JPG,https://sherpur.gov.bd/views/info-officers,2026-09-29
জনপ্রশাসন মন্ত্রণালয়,ময়মনসিংহ বিভাগ,বিভাগীয় কমিশনারের কার্যালয় ময়মনসিংহ,জনাব হাসান আব্দুল্লাহ আল মাহমুদ,"সিনিয়র সহকারী কমিশনার (উন্নয়ন শাখা, আইসিটি শাখা ও ফ্রন্ট ডেস্ক)",০২৯৯৭৭১০৩১০ (দাপ্তরিক),+৮৮০১৭৩৩৩৩৯০১৫ (দাপ্তরিক),acictdivcommymensingh@mopa.gov.bd,ময়মনসিংহ বিভাগ,https://objectstorage.ap-dcc-gazipur-1.oraclecloud15.com/n/axvjbnqprylg/b/V2Ministry/o/office-mymensinghdiv/2024/12/8dfe97ea773349c897c08fc6327327a0.png,জনাব মো: খবিরুল আহসান,"সিনিয়র সহকারী কমিশনার (সাধারণ শাখা, স্থানীয় সরকার শাখা, লাইব্রেরি শাখা)",০২-৯৯৭৭১০৭৪৩,+৮৮০১৭৩৩৩৩৯০১৭ (দাপ্তরিক),acgendivcommymensingh@mopa.gov.bd,ময়মনসিংহ বিভাগ,https://objectstorage.ap-dcc-gazipur-1.oraclecloud15.com/n/axvjbnqprylg/b/V2Ministry/o/office-mymensinghdiv/2024/12/2b161508a7a14058a2920b86e6611728.png,জনাব নাসিমুল গনি,মন্ত্রিপরিষদ সচিব,(অফিস),(অফিস),cab_secy@cabinet.gov.bd,মন্ত্রিপরিষদ বিভাগ,https://objectstorage.ap-dcc-gazipur-1.oraclecloud15.com/n/axvjbnqprylg/b/V2Ministry/o/office-mymensinghdiv/2026/6/c7e08690-f0e6-4162-94a0-9c3355e659c1.jpeg,https://mymensinghdiv.gov.bd/views/info-officers,2026-09-29
জনপ্রশাসন মন্ত্রণালয়,রংপুর বিভাগ,জেলা প্রশাসকের কার্যালয় কুড়িগ্রাম,সাইফুদ্দীন (৪৩০০২১৮),"সহকারী কমিশনার ও এক্সিকিউটিভ ম্যাজিস্ট্রেট (নেজারত শাখা , ট্রেজারি ও স্ট্যাম্প শাখা, ব্যবসা বাণিজ্য ও বিনিয়োগ শাখা , তথ্য ও অভিযোগ শাখা এবং মিডিয়া সেল )",০২৫৮৯৯-৫০০৩৩,০১৭৭৪৪৩৪২৫০,ndckurigram@mopa.gov.bd,"জেলা প্রশাসকের কার্যালয়, কুড়িগ্রাম",https://objectstorage.ap-dcc-gazipur-1.oraclecloud15.com/n/axvjbnqprylg/b/V2Ministry/o/office-kurigram/2024/12/9a15ec8b9a054798a05d62f35f72f281.jpg,এ বি এম মেজবাহ উদ্দিন আহমেদ (৪১০০২৪৮),সহকারী কমিশনার ও এক্সিকিউটিভ ম্যাজিস্ট্রেট (নেজারত শাখা ও ট্রেজারি শাখা),০২৫৮৯৯-৫০০৩৩,০১৭৭৪৪৩৪২৫০,ndckurigram@mopa.gov.bd,"জেলা প্রশাসকের কার্যালয়, কুড়িগ্রাম",https://objectstorage.ap-dcc-gazipur-1.oraclecloud15.com/n/axvjbnqprylg/b/V2Ministry/o/office-kurigram/2024/12/050ca1974ea24b28b93eb47bdb27e10c.jpeg,মোঃ শহিদুল ইসলাম এনডিসি (৬৪৯৫),বিভাগীয় কমিশনার (অতিরিক্ত সচিব),০২৫৮৮৮১২০০১,০১৭৩০৩২৬৯৭০,divcomrangpur@mopa.gov.bd,কুড়িগ্রাম জেলা,https://objectstorage.ap-dcc-gazipur-1.oraclecloud15.com/n/axvjbnqprylg/b/V2Ministry/o/office-rangpurdiv/2024/12/544e319451e84a7a8176ab64e21c46ad.jpg,https://kurigram.gov.bd/views/info-officers,2026-09-29
জনপ্রশাসন মন্ত্রণালয়,রংপুর বিভাগ,জেলা প্রশাসকের কার্যালয় গাইবান্ধা,সুমাইয়া জান্নাত (4300151),"সহকারী কমিশনার ও এক্সিকিউটিভ ম্যাজিস্ট্রেট (সাধারণ শাখা,তথ্য ও অভিযোগ শাখা ,স্থানীয় সরকার শাখা এবং শিক্ষা ও কল্যাণ শাখা)",০১৩৩৯৭৩১৮৮১,০১৩৩৯৭৩১৮৮১,sumaiyajannat30112023@gmail.com,গাইবান্ধা জেলা,https://objectstorage.ap-dcc-gazipur-1.oraclecloud15.com/n/axvjbnqprylg/b/V2Ministry/o/office-gaibandha/2024/12/b947b508ed624972ac668e5ed74d3a95.jpeg,সাব্বির আহমেদ (4100286),"সহকারী কমিশনার ও এক্সিকিউটিভ ম্যাজিস্ট্রেট (নেজারত শাখা, ব্যবসা বাণিজ্য ও বিনিয়োগ শাখা,ট্রেজারী শাখা ,এনজিও সেল,লাইব্রেরি শাখা,ফরমস এন্ড স্টেশনারী শাখা ও সিটিজেন কেয়ার)",০১৭৬২৬৯৫০৫৫,০১৭৬২৬৯৫০৫৫,ndcgaibandha@mopa.gov.bd,গাইবান্ধা জেলা,https://objectstorage.ap-dcc-gazipur-1.oraclecloud15.com/n/axvjbnqprylg/b/V2Ministry/o/office-gaibandha/2024/12/2f3efd0686ad4b899939a941a6276ab5.jpeg,,,,,,,,https://gaibandha.gov.bd/views/info-officers,2026-09-29
জনপ্রশাসন মন্ত্রণালয়,রংপুর বিভাগ,জেলা প্রশাসকের কার্যালয় ঠাকুরগাঁও,খাদিজাতুল কুবরা ফারিহা (৪৩০০২২২),"সহকারী কমিশনার ও এক্সিকিউটিভ ম্যাজিস্ট্রেট (সাধারণ শাখা, শিক্ষা ও কল্যাণ শাখা, আইসিটি শাখা, লাইব্রেরি শাখা, প্রবাসীকল্যাণ শাখা ও হেল্পডেস্ক শাখা)",০১৫২১৪৯৩৪০৭,০১৫২১৪৯৩৪০৭,khadijafariha07@gmail.com,"জেলা প্রশাসকের কার্যালয়, ঠাকুরগাঁও",https://objectstorage.ap-dcc-gazipur-1.oraclecloud15.com/n/axvjbnqprylg/b/V2Ministry/o/office-thakurgaon/2026/2/bc70ae4a-c29a-41b2-9163-76fb46d17aa5.jpeg,মোঃ নাঈম আশরাফ (৪১০০১২০),"সহকারী কমিশনার ও এক্সিকিউটিভ ম্যাজিস্ট্রেট (নেজারত শাখা, ট্রেজারি শাখা, গোপনীয় শাখা এবং ফরম্স ও স্টেশনারি শাখা)",০১৭৬২৩১৫৩৯৫ (NDC),০১৩৩৪৯৩৪৯২২,nayeemashraf95@gmail.com,"জেলা প্রশাসকের কার্যালয়, ঠাকুরগাঁও",https://objectstorage.ap-dcc-gazipur-1.oraclecloud15.com/n/axvjbnqprylg/b/V2Ministry/o/office-thakurgaon/2024/12/c089a84af120430597646b593d0ada6c.jpeg,মোঃ শহিদুল ইসলাম এনডিসি (৬৪৯৫),বিভাগীয় কমিশনার (অতিরিক্ত সচিব),০২৫৮৮৮১২০০১,০১৭৩০৩২৬৯৭০,divcomrangpur@mopa.gov.bd,ঠাকুরগাঁও জেলা,https://objectstorage.ap-dcc-gazipur-1.oraclecloud15.com/n/axvjbnqprylg/b/V2Ministry/o/office-rangpurdiv/2024/12/544e319451e84a7a8176ab64e21c46ad.jpg,https://thakurgaon.gov.bd/views/info-officers,2026-09-29
জনপ্রশাসন মন্ত্রণালয়,রংপুর বিভাগ,জেলা প্রশাসকের কার্যালয় দিনাজপুর,মোঃ আমিনুল ইসলাম,সহকারী কমিশনার ও এক্সিকিউটিভ ম্যাজিস্ট্রেট (প্রশিক্ষণে আছেন),০১৫২১২৩৬৭৪৬,০১৫২১২৩৬৭৪৬,aminul.bard.6746@gmail.com,"জেলা প্রশাসকের কার্যালয়, দিনাজপুর",https://objectstorage.ap-dcc-gazipur-1.oraclecloud15.com/n/axvjbnqprylg/b/V2Ministry/o/office-dinajpur/2026/1/6c1c1abe-ac88-4cea-8fb7-bbb21e282e19.jpg,আরফাত উদ্দীন,"সহকারী কমিশনার ও এক্সিকিউটিভ ম্যাজিস্ট্রেট (শিক্ষা শাখা, স্থানীয় সরকার শাখা, রেকর্ডরুম, হেল্প ডেক্স, তথ্য ও অভিযোগ শাখা)","০১৭৩০৫৫০১৬৩(রেকর্ডরুম, হেল্প ডেক্স)",,arfatuddin51@gmail.com,"জেলা প্রশাসকের কার্যালয়, দিনাজপুর",https://objectstorage.ap-dcc-gazipur-1.oraclecloud15.com/n/axvjbnqprylg/b/V2Ministry/o/office-dinajpur/2026/4/c223bd56-0e5e-404d-b02d-57c1a6a3c4f7.jpg,মোঃ শহিদুল ইসলাম এনডিসি (৬৪৯৫),বিভাগীয় কমিশনার (অতিরিক্ত সচিব),০২৫৮৮৮১২০০১,০১৭৩০৩২৬৯৭০,divcomrangpur@mopa.gov.bd,দিনাজপুর জেলা,https://objectstorage.ap-dcc-gazipur-1.oraclecloud15.com/n/axvjbnqprylg/b/V2Ministry/o/office-rangpurdiv/2024/12/544e319451e84a7a8176ab64e21c46ad.jpg,https://dinajpur.gov.bd/views/info-officers,2026-09-29
জনপ্রশাসন মন্ত্রণালয়,রংপুর বিভাগ,জেলা প্রশাসকের কার্যালয় নীলফামারী,মোঃ আসাদুজ্জামান (৪৩০০২৮৭),"সহকারী কমিশনার ও এক্সিকিউটিভ ম্যাজিস্ট্রেট (স্থানীয় সরকার, জে এম, রেকর্ডরুম, এনজিও, প্রবাসী কল্যাণ এবং তথ্য ও অভিযোগ শাখা)",০১৬০২৭৭০৮৮০,০১৬০২৭৭০৮৮০,sajib454@yahoo.com,"জেলা প্রশাসকের কার্যালয়, নীলফামারী",https://objectstorage.ap-dcc-gazipur-1.oraclecloud15.com/n/axvjbnqprylg/b/V2Ministry/o/office-nilphamari/2024/12/917b573b54464c96aa1afc752b338153.jpeg,বিধায়ক রায় (৪৪০০১১৫),সহকারী কমিশনার ও এক্সিকিউটিভ ম্যাজিস্ট্রেট (বুনিয়াদি প্রশিক্ষণে),,০১৫২১৪৬০৩৪৫,bidhayakray48@gmail.com,"জেলা প্রশাসকের কার্যালয়, নীলফামারী",https://objectstorage.ap-dcc-gazipur-1.oraclecloud15.com/n/axvjbnqprylg/b/V2Ministry/o/office-nilphamari/2026/4/7b07c4f7-a3b8-4bdc-9b40-aa3b8fd834ee.jpg,মোঃ শহিদুল ইসলাম এনডিসি (৬৪৯৫),বিভাগীয় কমিশনার (অতিরিক্ত সচিব),০২৫৮৮৮১২০০১,০১৭৩০৩২৬৯৭০,divcomrangpur@mopa.gov.bd,নীলফামারী জেলা,https://objectstorage.ap-dcc-gazipur-1.oraclecloud15.com/n/axvjbnqprylg/b/V2Ministry/o/office-rangpurdiv/2024/12/544e319451e84a7a8176ab64e21c46ad.jpg,https://nilphamari.gov.bd/views/info-officers,2026-09-29
জনপ্রশাসন মন্ত্রণালয়,রংপুর বিভাগ,জেলা প্রশাসকের কার্যালয় পঞ্চগড়,মোহাম্মদ আসিফ আলী,"সহকারী কমিশনার ও এক্সিকিউটিভ ম্যাজিস্ট্রেট (সাধারণ শাখা, শিক্ষা ও কল্যাণ শাখা, আইসিটি শাখা ও রেকর্ডরুম শাখা)",,০১৬০৩৩৬১১৭৬ (Personal),asifjivalbge@gmail.com,পঞ্চগড় জেলা,https://objectstorage.ap-dcc-gazipur-1.oraclecloud15.com/n/axvjbnqprylg/b/V2Ministry/o/office-panchagarh/2024/12/b1428bd544834137a11f04069a09169c.png,সুবীর সাহা,"সহকারী কমিশনার ও এক্সিকিউটিভ ম্যাজিস্ট্রেট (ভূমি অধিগ্রহণ শাখা, রাজস্ব শাখা, নেজারত শাখা, ত্রাণ শাখা)",০১৭৩৩২১৫৬১৫,০১৭৩৩২১৫৬১৫,ss.buet@gmail.com,পঞ্চগড় জেলা,https://objectstorage.ap-dcc-gazipur-1.oraclecloud15.com/n/axvjbnqprylg/b/V2Ministry/o/office-panchagarh/2024/12/c9cc9b6ce39f4f26bf8379eb68ccb5a9.jpg,মোঃ শহিদুল ইসলাম এনডিসি,বিভাগীয় কমিশনার (অতিরিক্ত সচিব),০২৫৮৮৮১২০১৪,০১৭৩০৩২৬৯৭০,divcomrangpur@mopa.gov.bd,পঞ্চগড় জেলা,https://objectstorage.ap-dcc-gazipur-1.oraclecloud15.com/n/axvjbnqprylg/b/V2Ministry/o/office-panchagarh/2026/6/711a58b8-1a6d-4371-840e-b2a1e9d79efc.jpg,https://panchagarh.gov.bd/views/info-officers,2026-09-29
জনপ্রশাসন মন্ত্রণালয়,রংপুর বিভাগ,জেলা প্রশাসকের কার্যালয় রংপুর,কাউছার আহমেদ (৪৩০০১৭৪),"সহকারী কমিশনার এন্ড এক্সিকিউটিভ ম্যাজিস্ট্রেট (১৫১তম ""আইন ও প্রশাসন"" প্রশিক্ষণ কোর্সে প্রশিক্ষণরত)",০,০১৭৬৬৬৯০৮৫২,acgenrangpur@mopa.gov.bd,রংপুর জেলা,https://objectstorage.ap-dcc-gazipur-1.oraclecloud15.com/n/axvjbnqprylg/b/V2Ministry/o/office-rangpur/2024/12/a9d11224b6914780adb84ed12034b5b7.jpg,মোঃ মোরশালিন তুরাগ (৪১০০১০৬),সহকারী কমিশনার ও এক্সিকিউটিভ ম্যাজিস্ট্রেট (১৪৮তম “ আইন ও প্রশাসন ” প্রশিক্ষণ কোর্সে প্রশিক্ষণরত),০,,,রংপুর জেলা,https://objectstorage.ap-dcc-gazipur-1.oraclecloud15.com/n/axvjbnqprylg/b/V2Ministry/o/office-rangpur/2024/12/b46d322f80b3459dbd4a5d4da1ffd1fb.jpeg,মোঃ শহিদুল ইসলাম এনডিসি (৬৪৯৫),বিভাগীয় কমিশনার (অতিরিক্ত সচিব),০২৫৮৮৮১২০০১,০১৭৩০৩২৬৯৭০,divcomrangpur@mopa.gov.bd,রংপুর জেলা,https://objectstorage.ap-dcc-gazipur-1.oraclecloud15.com/n/axvjbnqprylg/b/V2Ministry/o/office-rangpurdiv/2024/12/544e319451e84a7a8176ab64e21c46ad.jpg,https://rangpur.gov.bd/views/info-officers,2026-09-29
জনপ্রশাসন মন্ত্রণালয়,রংপুর বিভাগ,জেলা প্রশাসকের কার্যালয় লালমনিরহাট,শাহরিয়ার তানভীর আহমেদ(৪১০০১৮৭),"সহকারী কমিশনার ও এক্সিকিউটিভ ম্যাজিস্ট্রেট (রাজস্ব শাখা(আরডিসি), আরএম শাখা এবং তথ্য ও অভিযোগ শাখা)",০১৯৫৩৮০৮৫৩৯,০১৯৫৩৮০৮৫৩৯(Official),sharearshapnil@gmail.com,"জেলা প্রশাসকের কার্যালয়, লালমনিরহাট",https://objectstorage.ap-dcc-gazipur-1.oraclecloud15.com/n/axvjbnqprylg/b/V2Ministry/o/office-lalmonirhat/2024/12/5426c61fb4e14357864a6f47e6cb3174.jpeg,মো: খায়রুল হোসেন(৪৪০০১৯৯),সহকারী কমিশনার ও এক্সিকিউটিভ ম্যাজিস্ট্রেট(বিপিএটিসি তে ৮১তম বুনিয়াদী প্রশিক্ষণ কোর্সে প্রশিক্ষণরত),০১৮২৪২৯১৭২৪,০১৮২৪২৯১৭২৪(Official),khairulbuet14@gmail.com,"জেলা প্রশাসকের কার্যালয়, লালমনিরহাট",https://objectstorage.ap-dcc-gazipur-1.oraclecloud15.com/n/axvjbnqprylg/b/V2Ministry/o/office-lalmonirhat/2026/5/ce2ddd5c-9732-490a-a559-60298c39148b.png,মোঃ শহিদুল ইসলাম এনডিসি (৬৪৯৫),বিভাগীয় কমিশনার (অতিরিক্ত সচিব),০২৫৮৮৮১২০০১,০১৭৩০৩২৬৯৭০,divcomrangpur@mopa.gov.bd,লালমনিরহাট জেলা,https://objectstorage.ap-dcc-gazipur-1.oraclecloud15.com/n/axvjbnqprylg/b/V2Ministry/o/office-rangpurdiv/2024/12/544e319451e84a7a8176ab64e21c46ad.jpg,https://lalmonirhat.gov.bd/views/info-officers,2026-09-29
জনপ্রশাসন মন্ত্রণালয়,রংপুর বিভাগ,বিভাগীয় কমিশনারের কার্যালয় রংপুর,মোঃ রুহুল আমিন শরিফ (১৮৮৭১),বিভাগীয় কমিশনারের একান্ত সচিব (প্রশিক্ষণে),০১৮৪০৯৪০২৩৭,০১৮৪০৯৪০২৩৭,01.smras@gmail.com,রংপুর বিভাগ,,মোঃ মেহেদী হাসান,সিনিয়র সহকারী কমিশনার (স্থানীয় সরকার শাখা ও আইসিটি শাখা),০১৭৩৭৭৭৮২৯৩,০১৭৩৭৭৭৮২৯৩,ictrangpurdiv@gmail.com,রংপুর বিভাগ,,,,,,,,,https://rangpurdiv.gov.bd/views/info-officers,2026-09-29
জনপ্রশাসন মন্ত্রণালয়,রাজশাহী বিভাগ,জেলা প্রশাসকের কার্যালয় চাঁপাইনবাবগঞ্জ,আজমাইন মাহতাব (৪৩০০১২৮),"সহকারী কমিশনার ও এক্সিকিউটিভ ম্যাজিস্ট্রেট (১.শিক্ষা ও কল্যাণ শাখা, ২. গোপনীয় শাখা, ৩.আইসিটি শাখা, ৪.তথ্য ও অভিযোগ শাখা, ৫. প্রবাসী ও কল্যাণ শাখা ৬. লাইব্রেরি, ফর্মস ও স্টেশনারি শাখা)",,০১৭৫১২৫৩৮৮৫,azmayeen.matab938@gmail.com,"জেলা প্রশাসকের কার্যালয়, চাঁপাইনবাবগঞ্জ",https://objectstorage.ap-dcc-gazipur-1.oraclecloud15.com/n/axvjbnqprylg/b/V2Ministry/o/office-chapainawabganj/2024/12/f383a13e09714ce3bed1b0c3e3fab195.jpg,মোঃ সাব্বির আহমেদ রোবেল (৪১০০২৯৩),,০১৭৫৭৪২৫৩৭২,০১৭৫৭৪২৫৩৭২,jmsection16@gmail.com,"জেলা প্রশাসকের কার্যালয়, চাঁপাইনবাবগঞ্জ",https://objectstorage.ap-dcc-gazipur-1.oraclecloud15.com/n/axvjbnqprylg/b/V2Ministry/o/office-chapainawabganj/2024/12/b9868ac8044647839b058879cc65e084.jpg,মোঃ ইউসুফ আলী,বিভাগীয় কমিশনার (অতিরিক্ত সচিব),০২৫৮৮৮৫৭২৩৩,০১৭১৩২০২০৪০,divcomrajshahi@mopa.gov.bd,চাঁপাইনবাবগঞ্জ জেলা,https://objectstorage.ap-dcc-gazipur-1.oraclecloud15.com/n/axvjbnqprylg/b/V2Ministry/o/office-rajshahidiv/2026/7/d9e013e3-623b-4d8c-9a54-81385b7eaaea.jpeg,https://chapainawabganj.gov.bd/views/info-officers,2026-09-29
জনপ্রশাসন মন্ত্রণালয়,রাজশাহী বিভাগ,জেলা প্রশাসকের কার্যালয় জয়পুরহাট,এস. এম. তানভীর উল আলম (4300141),"সহকারী কমিশনার ও এক্সিকিউটিভ ম্যাজিস্ট্রেট (জেলা প্রশাসকের গোপনীয় শাখা, শিক্ষা ও কল্যাণ শাখা, সাধারণ শাখা পর্যটন সেলসহ,আইসিটি শাখা,সংস্থাপন শাখা,ফ্রন্টডেস্ক,তথ্য প্রদান ইউনিট ও অভিযোগ শাখা))",০১৬৭৩-৮৭৩৯৪১,০১৬৭৩-৮৭৩৯৪১,acgenjoypurhat@mopa.gov.bd,জয়পুরহাট জেলা,https://objectstorage.ap-dcc-gazipur-1.oraclecloud15.com/n/axvjbnqprylg/b/V2Ministry/o/office-joypurhat/2024/12/52855d63f7be4eea88a262f49448bd3e.jpg,মোঃ বাদল মিয়া (4400087),"সহকারী কমিশনার ও এক্সিকিউটিভ ম্যাজিস্ট্রেট( স্থানীয় সরকার শাখা, ফরমস এন্ড ষ্টেশনারী শাখা , আর এম শাখা,লাইব্রেরী শাখা,প্রবাসী কল্যাণ শাখা, জেএম শাখা)",,০১৭৬২৬৬০৩৫১,acrmjoypurhat@mopa.gov.bd,জয়পুরহাট জেলা,https://objectstorage.ap-dcc-gazipur-1.oraclecloud15.com/n/axvjbnqprylg/b/V2Ministry/o/office-joypurhat/2026/1/ed7f5aa8-4e98-4720-96b0-5c95e200b091.jpeg,মোঃ ইউসুফ আলী,বিভাগীয় কমিশনার (অতিরিক্ত সচিব),০২৫৮৮৮৫৭২৩৩,০১৭১৩২০২০৪০,divcomrajshahi@mopa.gov.bd,জয়পুরহাট জেলা,https://objectstorage.ap-dcc-gazipur-1.oraclecloud15.com/n/axvjbnqprylg/b/V2Ministry/o/office-rajshahidiv/2026/7/d9e013e3-623b-4d8c-9a54-81385b7eaaea.jpeg,https://joypurhat.gov.bd/views/info-officers,2026-09-29
জনপ্রশাসন মন্ত্রণালয়,রাজশাহী বিভাগ,জেলা প্রশাসকের কার্যালয় নওগাঁ,শাকিল আহমেদ,"সহকারী কমিশনার ও এক্সিকিউটিভ ম্যাজিস্ট্রেট (সাধারণ শাখা, জুডিশিয়াল মুন্সিখানা, সহকারী পরিচালক(স্থানীয় সরকার), জেনারেল সার্টিফিকেট শাখা।",,০১৭৪৯৫৯৯৮০৯,shakilbau14@gmail.com,"জেলা প্রশাসকের কার্যালয়, নওগাঁ",https://objectstorage.ap-dcc-gazipur-1.oraclecloud15.com/n/axvjbnqprylg/b/V2Ministry/o/office-naogaon/2024/12/66aeaf3c3e8045b59b526dd28ab435d8.jpg,অভিষেক কান্তি বর্মন,"সহকারী কমিশনার ও এক্সিকিউটিভ ম্যাজিস্ট্রেট (সাধারণ, ভিপি শাখা এবং উন্নয়ন ও মানব সম্পদ ব্যবস্থাপনা শাখা)",০১৫৭৭৪২৭৭৭৭,,ovishekaqua@gmail.com,"জেলা প্রশাসকের কার্যালয়, নওগাঁ",https://objectstorage.ap-dcc-gazipur-1.oraclecloud15.com/n/axvjbnqprylg/b/V2Ministry/o/office-naogaon/2024/12/c250c249cef347958b6ccc4f7bb79478.jpeg,মোঃ ইউসুফ আলী,বিভাগীয় কমিশনার (অতিরিক্ত সচিব),০২৫৮৮৮৫৭২৩৩,০১৭১৩২০২০৪০,divcomrajshahi@mopa.gov.bd,নওগাঁ জেলা,https://objectstorage.ap-dcc-gazipur-1.oraclecloud15.com/n/axvjbnqprylg/b/V2Ministry/o/office-rajshahidiv/2026/7/d9e013e3-623b-4d8c-9a54-81385b7eaaea.jpeg,https://naogaon.gov.bd/views/info-officers,2026-09-29
জনপ্রশাসন মন্ত্রণালয়,রাজশাহী বিভাগ,জেলা প্রশাসকের কার্যালয় নাটোর,মো. রাশেদুজ্জামান (৪১০০২১৬),"সহকারী কমিশনার ও এক্সিকিউটিভ ম্যাজিস্ট্রেট ( গোপনীয় শাখা, আইসিটি শাখা, তথ্য ও অভিযোগ শাখা এবং শিক্ষা ও কল্যাণ শাখা)",০১৭৯৫২৯০৮৭৬,০১৭৯৫২৯০৮৭৬,mrrasel.bau11@gmail.com,নাটোর জেলা,https://objectstorage.ap-dcc-gazipur-1.oraclecloud15.com/n/axvjbnqprylg/b/V2Ministry/o/office-natore/2024/12/22f432cd217b47c49b16a96cb4362c9e.jpeg,শিপন খান (৪৪০০১০৫),"সহকারী কমিশনার ও এক্সিকিউটিভ ম্যাজিস্ট্রেট (নেজারত শাখা, গোপনীয় শাখা, ট্রেজারি শাখা, বিনিয়োগ বিকাশ ও ব্যবসা বাণিজ্য শাখা, মিডিয়া সেল, প্রটোকল শাখা, লাইব্রেরি শাখা, পর্যটন শাখা)",০১৭৯৩৫৯৫৫৮২,০১৭৯৩৫৯৫৫৮২,shipon0806@gmail.com,নাটোর জেলা,https://objectstorage.ap-dcc-gazipur-1.oraclecloud15.com/n/axvjbnqprylg/b/V2Ministry/o/office-natore/2026/1/9be9c878-f65f-4d43-a51b-3d495d1dd909.jpg,মোঃ ইউসুফ আলী,বিভাগীয় কমিশনার (অতিরিক্ত সচিব),০২৫৮৮৮৫৭২৩৩,০১৭১৩২০২০৪০,divcomrajshahi@mopa.gov.bd,নাটোর জেলা,https://objectstorage.ap-dcc-gazipur-1.oraclecloud15.com/n/axvjbnqprylg/b/V2Ministry/o/office-rajshahidiv/2026/7/d9e013e3-623b-4d8c-9a54-81385b7eaaea.jpeg,https://natore.gov.bd/views/info-officers,2026-09-29
জনপ্রশাসন মন্ত্রণালয়,রাজশাহী বিভাগ,জেলা প্রশাসকের কার্যালয় পাবনা,মো: মনিরুজ্জামান,"সহকারী কমিশনার ও এক্সিকিউটিভ ম্যাজিস্ট্রেট, স্থানীয় সরকার শাখা, তথ্য ও অভিযোগ শাখা, জেনারেল সার্টিফিকেট শাখা।",০১৭৬৫৮১১৮৬৫,০১৭৬৫৮১১৮৬৫,aclgpabna@mopa.gov.bd,"জেলা প্রশাসকের কার্যালয়, পাবনা",https://objectstorage.ap-dcc-gazipur-1.oraclecloud15.com/n/axvjbnqprylg/b/V2Ministry/o/office-pabna/2024/12/8be2e52a829c420f8f50ecc8b19efd7d.jpeg,মো: হিমেল মিয়া,"সহকারী কমিশনার ও এক্সিকিউটিভ ম্যাজিস্ট্রেট (শিক্ষানবিশ) রেকর্ডরুম শাখা, জে. এম শাখা, প্রকল্প পরিবীক্ষণ ও মূল্যায়ন শাখা, আইসিটি শাখা।",০১৩৩২৮৫৩৪৩৪,০১৩৩২৮৫৩৪৩৪,rrdcpabna@mopa.gov.bd,"জেলা প্রশাসকের কার্যালয়, পাবনা",https://objectstorage.ap-dcc-gazipur-1.oraclecloud15.com/n/axvjbnqprylg/b/V2Ministry/o/office-pabna/2026/1/8beef414-8f6a-4e10-821a-44cc29e5a061.png,জনাব আমিনুল ইসলাম,"জেলা প্রশাসক, কালেক্টর ও বিজ্ঞ জেলা ম্যাজিস্ট্রেট","০২৫৮৮৮৪৫৪৯৯ (অফিস), ০২৫৮৮৮৪৫৪৮৮",০১৩৩২৮৫৩৪০১,dcpabna@mopa.gov.bd,"জেলা প্রশাসকের কার্যালয়, পাবনা",https://objectstorage.ap-dcc-gazipur-1.oraclecloud15.com/n/axvjbnqprylg/b/V2Ministry/o/office-pabna/2026/3/e0d9c6b3-36a4-48b1-bafd-40ea804fca72.jpeg,https://pabna.gov.bd/views/info-officers,2026-09-29
জনপ্রশাসন মন্ত্রণালয়,রাজশাহী বিভাগ,জেলা প্রশাসকের কার্যালয় বগুড়া,মোঃ কাজিম রেজা চৌধুরী (৪৪০০০৭১),"সহকারী কমিশনার ও এক্সিকিউটিভ ম্যাজিস্ট্রেট (শিক্ষানবিশ)(আর এম শাখা,আইসিটি শাখা, প্রবাসী কল্যাণ শাখা, লাইব্রেরি শাখা, তথ্য প্রদানকারী, প্রকল্প পরিবীক্ষণ ও মূল্যায়ন,মানব সম্পদ ব্যবস্থাপনা, NRB সেল)",০১৫২১৩৩২৭৬২,০১৫২১৩৩২৭৬২,acictbogura@mopa.gov.bd,বগুড়া জেলা,https://objectstorage.ap-dcc-gazipur-1.oraclecloud15.com/n/axvjbnqprylg/b/V2Ministry/o/office-bogura/2026/1/3c985ccc-dc03-464d-8cc7-3a306ba6fece.jpeg,মোঃ ওবায়দুর রহমান (৪৪০০০৮৩),"সহকারী কমিশনার ও এক্সিকিউটিভ ম্যাজিস্ট্রেট (শিক্ষানবিশ)(রেকর্ড রুম শাখা, তথ্য ও অভিযোগ শাখা, ই-সেবা কেন্দ্র, হেল্প ডেস্ক,উন্নয়ন ও পর্যটন সেল কর্মকর্তা)",০১৭৪০৮৫১৬২৯,০১৭৪০৮৫১৬২৯,dcbogra.rr@gmail.com,বগুড়া জেলা,https://objectstorage.ap-dcc-gazipur-1.oraclecloud15.com/n/axvjbnqprylg/b/V2Ministry/o/office-bogura/2026/1/e0ff8be6-35ab-4d31-b8df-6512ffe84cf8.jpg,মোঃ ইউসুফ আলী,বিভাগীয় কমিশনার (অতিরিক্ত সচিব),০২৫৮৮৮৫৭২৩৩,০১৭১৩২০২০৪০,divcomrajshahi@mopa.gov.bd,বগুড়া জেলা,https://objectstorage.ap-dcc-gazipur-1.oraclecloud15.com/n/axvjbnqprylg/b/V2Ministry/o/office-rajshahidiv/2026/7/d9e013e3-623b-4d8c-9a54-81385b7eaaea.jpeg,https://bogra.gov.bd/views/info-officers,2026-09-29
জনপ্রশাসন মন্ত্রণালয়,রাজশাহী বিভাগ,জেলা প্রশাসকের কার্যালয় রাজশাহী,সাজ্জাদ কাদের মুন (৪৪০০০১২),"সহকারী কমিশনার ও এক্সিকিউটিভ ম্যাজিস্ট্রেট (সংস্থাপন শাখা, এনজিও বিষয়ক শাখা, ই-সেবা ও ফ্রন্ট ডেক্স এবং তথ্য প্রদানকারী কর্মকর্তা)",,০১৭২৭১৮১৭৩০,sazzatqadermoon@gmail.com,"জেলা প্রশাসকের কার্যালয়, রাজশাহী",https://objectstorage.ap-dcc-gazipur-1.oraclecloud15.com/n/axvjbnqprylg/b/V2Ministry/o/office-rajshahi/2026/1/ae896678-b055-401a-9d23-1930f7b4c62f.jpeg,প্রিতম চক্রবর্ত্তী (৪৩০০০৩৬),"সহকারী কমিশনার ও এক্সিকিউটিভ ম্যাজিস্ট্রেট (সাধারণ শাখা, তথ্য ও অভিযোগ শাখা, প্রবাসী কল্যান শাখা এবং পর্যটন সেল)",০২৫৮৮৮-,০১৭০৬৩৫৫৮৯৭,pritomc731@gmail.com,"জেলা প্রশাসকের কার্যালয়, রাজশাহী",https://objectstorage.ap-dcc-gazipur-1.oraclecloud15.com/n/axvjbnqprylg/b/V2Ministry/o/office-rajshahi/2024/12/0411801e4ce64d62bbe6e2a46f80b57b.jpeg,মোঃ ইউসুফ আলী,বিভাগীয় কমিশনার (অতিরিক্ত সচিব),০২৫৮৮৮৫৭২৩৩,০১৭১৩২০২০৪০,divcomrajshahi@mopa.gov.bd,রাজশাহী জেলা,https://objectstorage.ap-dcc-gazipur-1.oraclecloud15.com/n/axvjbnqprylg/b/V2Ministry/o/office-rajshahidiv/2026/7/d9e013e3-623b-4d8c-9a54-81385b7eaaea.jpeg,https://rajshahi.gov.bd/views/info-officers,2026-09-29
জনপ্রশাসন মন্ত্রণালয়,রাজশাহী বিভাগ,জেলা প্রশাসকের কার্যালয় সিরাজগঞ্জ,মোঃ নাজমুল হোসেন (৪৩০০০৬৯),"সহকারী কমিশনার ও এক্সিকিউটিভ ম্যাজিস্ট্রেট (জেএম শাখা, তথ্য ও অভিযোগ শাখা,আর এম শাখা)",০২৫৮৮৮৩০২৬৪,০১৭৬৪-৫৮৩৭১২,naz.jnu9@gmail.com,"জেলা প্রশাসকের কার্যালয়, সিরাজগঞ্জ।",https://objectstorage.ap-dcc-gazipur-1.oraclecloud15.com/n/axvjbnqprylg/b/V2Ministry/o/office-sirajganj/2024/12/362a18f4a80e4415a28f16fc4f1c64be.jpg,মোঃ রুহুল আমিন (৪৩০০০৬২),"সহকারী কমিশনার ও এক্সিকিউটিভ ম্যাজিস্ট্রেট (গোপনীয় শাখা, শিক্ষা ও কল্যাণ শাখা, ভিপি শাখা, আইসিটি শাখা)",০২৫৮৮৮৩০২৬৭(শিক্ষা ও কল্যাণ শাখা),০১৯২৪-৭৮৭৮৯৩,mdruhulamin.fin@gmail.com,"জেলা প্রশাসকের কার্যালয়, সিরাজগঞ্জ।",https://objectstorage.ap-dcc-gazipur-1.oraclecloud15.com/n/axvjbnqprylg/b/V2Ministry/o/office-sirajganj/2024/12/0ab7572041a341dba1996481b7b366f8.jpg,মোঃ ইউসুফ আলী,বিভাগীয় কমিশনার (অতিরিক্ত সচিব),০২৫৮৮৮৫৭২৩৩,০১৭১৩২০২০৪০,divcomrajshahi@mopa.gov.bd,সিরাজগঞ্জ জেলা,https://objectstorage.ap-dcc-gazipur-1.oraclecloud15.com/n/axvjbnqprylg/b/V2Ministry/o/office-rajshahidiv/2026/7/d9e013e3-623b-4d8c-9a54-81385b7eaaea.jpeg,https://sirajganj.gov.bd/views/info-officers,2026-09-29
জনপ্রশাসন মন্ত্রণালয়,রাজশাহী বিভাগ,বিভাগীয় কমিশনারের কার্যালয় রাজশাহী,মোছাঃ খাদিজা খাতুন,সিনিয়র সহকারী কমিশনার (রাজস্ব শাখা),০১৭৮৫৬২৬৫৯৮,০১৭৮৫৬২৬৫৯৮,revenuesection.div@gmail.com,রাজশাহী বিভাগ,https://objectstorage.ap-dcc-gazipur-1.oraclecloud15.com/n/axvjbnqprylg/b/V2Ministry/o/office-rajshahidiv/2024/12/4ceeb6c9299d4b388f0098e6f7aeec65.png,মোঃ জুবায়ের হোসেন,"সিনিয়র সহকারী কমিশনার ( বিভাগীয় কমিশনারের একান্ত সচিব, হিসাব ও নেজারত শাখা)",০২৫৮৮৮৫৪৫৮৮,০১৭৭৯২৫০২৫০,psdivcomrajshahi@mopa.gov.bd,রাজশাহী বিভাগ,https://objectstorage.ap-dcc-gazipur-1.oraclecloud15.com/n/axvjbnqprylg/b/V2Ministry/o/office-rajshahidiv/2024/12/951bc7d5874e479b9ac81c40d854654e.jpeg,"মিজ্‌ ফারাহ শাম্মী, এনডিসি (৬৫০৬)","সচিব, সমন্বয় ও সংস্কার",০২-২২৬৬৪১৪৪৩,+৮৮০ ১৭৮৭-৬৭৪৯৯৯,secy_cnr@cabinet.gov.bd,রাজশাহী বিভাগ,https://objectstorage.ap-dcc-gazipur-1.oraclecloud15.com/n/axvjbnqprylg/b/V2Ministry/o/office-rajshahidiv/2026/7/3101793a-c7fb-429d-84c8-a732e6cd4edd.jpg,https://rajshahidiv.gov.bd/views/info-officers,2026-09-29
জনপ্রশাসন মন্ত্রণালয়,সিলেট বিভাগ,জেলা প্রশাসকের কার্যালয় মৌলভীবাজার,সিরাজুম মুনিরা হোসাইনী (৪৪০০২২২),সহকারী কমিশনার ও এক্সিকিউটিভ ম্যাজিস্ট্রেট (প্রশিক্ষণে),,০১৯৪৩৭৩৭০৭৫,dcc.munira@gmail.com,"জেলা প্রশাসকের কার্যালয়, মৌলভীবাজার",https://objectstorage.ap-dcc-gazipur-1.oraclecloud15.com/n/axvjbnqprylg/b/V2Ministry/o/office-moulvibazar/2026/3/d31d78a0-0605-4dbd-948a-5aaf2ef2b7ec.jpeg,আয়শা আক্তার লাবনী (৪১০০২৪২),"সহকারী কমিশনার ও এক্সিকিউটিভ ম্যাজিস্ট্রেট (স্থানীয় সরকার শাখা, তথ্য ও অভিযোগ শাখা এবং ব্যবসা, বাণিজ্য ও বিনিয়োগ শাখা)",০২৯৯৬৬৮৩২০২,০১৯৩৬৪০২৪৪৩,aclgmoulvibazar@mopa.gov.bd,"জেলা প্রশাসকের কার্যালয়, মৌলভীবাজার",https://objectstorage.ap-dcc-gazipur-1.oraclecloud15.com/n/axvjbnqprylg/b/V2Ministry/o/office-moulvibazar/2024/12/bde1b0d7d0484b9183f25e01cde39ec4.jpeg,,,,,,,,https://moulvibazar.gov.bd/views/info-officers,2026-09-29
জনপ্রশাসন মন্ত্রণালয়,সিলেট বিভাগ,জেলা প্রশাসকের কার্যালয় সিলেট,মাসুমা আহমেদ লুনা,"সহকারী কমিশনার (সাধারণ শাখা, তথ্য ও অভিযোগ শাখা, তথ্য প্রদানকারী কর্মকর্তা, মহিলা সহায়তা কর্মসূচি)",,০১৩১৮২১০২৫০,acgensylhet@mopa.gov.bd,"জেলা প্রশাসকের কার্যালয়, সিলেট",https://objectstorage.ap-dcc-gazipur-1.oraclecloud15.com/n/axvjbnqprylg/b/V2Ministry/o/office-sylhet/2026/7/599fe6ef-8725-46b0-a566-6558b9ec7ef6.png,মোছাদ্দেকা বেগম বৃষ্টি,"সহকারী কমিশনার (সংস্থাপন শাখা, জেলা ব্র্যান্ডিং ও পর্যটন সেল)",০১৮১৯৪৬৪১৩৪,০১৮১৯৪৬৪১৩৪,acestsylhet@mopa.gov.bd,সিলেট জেলা,https://objectstorage.ap-dcc-gazipur-1.oraclecloud15.com/n/axvjbnqprylg/b/V2Ministry/o/office-sylhet/2026/8/a1cf2da0-6e9e-45f2-b959-e132c41bbb22.jpg,মোঃ মশিউর রহমান (অতিরিক্ত সচিব) (৬৬৭২),বিভাগীয় কমিশনার,০২৯৯৬৬৪৩২৬৬,০১৭৩০৩৩১০০০,divcomsylhet@mopa.gov.bd,"বিভাগীয় কমিশনারের কার্যালয়, সিলেট",https://objectstorage.ap-dcc-gazipur-1.oraclecloud15.com/n/axvjbnqprylg/b/V2Ministry/o/office-sylhetdiv/2026/5/b9e06aed-0ec4-4f2a-bf83-93285649eaf8.jpeg,https://sylhet.gov.bd/views/info-officers,2026-09-29
জনপ্রশাসন মন্ত্রণালয়,সিলেট বিভাগ,জেলা প্রশাসকের কার্যালয় সুনামগঞ্জ,মোঃ সাব্বির হোসেন শাওন (পরিচিতি নং-৪৩০০২৩৫),"সহকারী কমিশনার ( নেজারত শাখা, শিক্ষা ও কল্যাণ শাখা, তথ্য ও অভিযোগ শাখা, ক্রীড়া ও সংস্কৃতি শাখা, গোপনীয় শাখা, মিডিয়া সেল, ব্যবসা বাণিজ্য ও বিনিয়োগ শাখা)",০১৭৩০৩৩১১০৬ (এনডিসি),"০১৭৩০৩৩১১০৬ (এনডিসি) ০১৭৩০-৩৩১০৯৭ (শিক্ষা ও কল্যাণ শাখা), ০১৭৩০৩৩১০৯৪ (গোপনীয় শাখা)",acedusunam@gmail.com,সুনামগঞ্জ জেলা,https://objectstorage.ap-dcc-gazipur-1.oraclecloud15.com/n/axvjbnqprylg/b/V2Ministry/o/office-sunamganj/2024/12/10a1d4a196a74b54a0127453eb76bd18.jpeg,বিশ্বাস সাহরিয়া ইসলাম (পরিচিতি নং-৪৩০০০২৫),"সহকারী কমিশনার (ট্রেজারী শাখা, রেকর্ডরুম শাখা, আর এম শাখা, জে এম শাখা, আইসিটি শাখা, ফ্রন্টডেস্ক শাখা, লাইব্রেরি শাখা, ফরম্‌স ও স্টেশনারী শাখা)",,০১৭১৯০৮৪৩৭২ (ব্যক্তিগত) ০১৭৩০৩৩১০৯৬ (জ এম শাখা),biswasshahriaislam@gmail.com,সুনামগঞ্জ জেলা,https://objectstorage.ap-dcc-gazipur-1.oraclecloud15.com/n/axvjbnqprylg/b/V2Ministry/o/office-sunamganj/2026/8/55453647-af2f-45e1-ba32-cea2a40b8641.jpeg,মোঃ মশিউর রহমান (অতিরিক্ত সচিব) (৬৬৭২),বিভাগীয় কমিশনার,০২৯৯৬৬৪৩২৬৬,০১৭৩০৩৩১০০০,divcomsylhet@mopa.gov.bd,"বিভাগীয় কমিশনারের কার্যালয়, সিলেট",https://objectstorage.ap-dcc-gazipur-1.oraclecloud15.com/n/axvjbnqprylg/b/V2Ministry/o/office-sylhetdiv/2026/5/b9e06aed-0ec4-4f2a-bf83-93285649eaf8.jpeg,https://sunamganj.gov.bd/views/info-officers,2026-09-29
জনপ্রশাসন মন্ত্রণালয়,সিলেট বিভাগ,জেলা প্রশাসকের কার্যালয় হবিগঞ্জ,আল নাদরুন বিন আকন (৪৩০০২৪৮),"সহকারী কমিশনার ও এক্সিকিউটিভ ম্যাজিস্ট্রেট (সাধারণ শাখা, ব্যবসা বাণিজ্য ও বিনিয়োগ শাখা, তথ্য ও অভিযোগ শাখা, পরীবিক্ষণ ও মূল্যায়ন শাখা, মিডিয়া সেল)",০১৭৮২১৯০৯০১,০১৭৮২১৯০৯০১,alnadrunbinakon@gmail.com,"জেলা প্রশাসকের কার্যালয়, হবিগঞ্জ",https://objectstorage.ap-dcc-gazipur-1.oraclecloud15.com/n/axvjbnqprylg/b/V2Ministry/o/office-habiganj/2024/12/a1e2e2d1a5fc441a998f05850488047a.jpg,পৃথিন্দ্র চাকমা (৪১০০৩২০),"সহকারী কমিশনার ও এক্সিকিউটিভ ম্যাজিস্ট্রেট (গোপনীয় শাখা, জেএম শাখা)",০১৫১৫২৯৭৩৭৫,০১৫১৫২৯৭৩৭৫,prethindrachakmasau@gmail.com,"জেলা প্রশাসকের কার্যালয়, হবিগঞ্জ",https://objectstorage.ap-dcc-gazipur-1.oraclecloud15.com/n/axvjbnqprylg/b/V2Ministry/o/office-habiganj/2026/6/118ba52b-fa4e-4d9a-96aa-61aceafa0cdf.jpeg,খান মোঃ রেজা-উন-নবী (৬৫২২),বিভাগীয় কমিশনার (অতিরিক্ত সচিব),০২৯৯৬৬৪৩২৬৬,০১৭৩০৩৩১০০০,divcomsylhet@mopa.gov.bd,হবিগঞ্জ জেলা,https://objectstorage.ap-dcc-gazipur-1.oraclecloud15.com/n/axvjbnqprylg/b/V2Ministry/o/office-sylhetdiv/2024/12/5fca703f301d415c91694642d632d0ff.jpeg,https://habiganj.gov.bd/views/info-officers,2026-09-29
জনপ্রশাসন মন্ত্রণালয়,সিলেট বিভাগ,বিভাগীয় কমিশনারের কার্যালয় সিলেট,উম্মে সালিক রুমাইয়া (১৭৮৪৪),"সিনিয়র সহকারী কমিশনার (সংস্থাপন শাখা, বিভাগীয় নির্বাচনী বোর্ড ও স্থানীয় সরকার শাখা)",০২৯৯৬৬৪৩৪৩১,০১৯৪৬৩৯৫৮৮১/০১৭৩০-৩৩১০০৬ (সংস্থাপন),acestdivcomsylhet@mopa.gov.bd,"বিভাগীয় কমিশনারের কার্যালয়, সিলেট",https://objectstorage.ap-dcc-gazipur-1.oraclecloud15.com/n/axvjbnqprylg/b/V2Ministry/o/office-sylhetdiv/2024/12/24d52b3c715c43bca9018ed75d935126.jpg,লিটন চন্দ্র দে (১৮৪৬৩),সিনিয়র সহকারী কমিশনার (সাধারণ শাখা-০১ ও ০২),০২৯৯৬৬৪৩২৬৮,০১৭৩০-৩৩১০০৪,divcomsylhetgeneral@gmail.com,,,ড. নাসিমুল গনি ফোন (অফিস) ০২-২২৬৬৪১৪৪৪,মন্ত্রিপরিষদ সচিব ফোন (বাসা),,,cab_secy@cabinet.gov.bd,মন্ত্রিপরিষদ বিভাগ ফ্যাক্স ২২৩৩৮৬৫৫৯,https://objectstorage.ap-dcc-gazipur-1.oraclecloud15.com/n/axvjbnqprylg/b/V2Ministry/o/office-sylhetdiv/2026/7/3c542ce8-635a-4f67-9f46-43f342c5d681.jpeg,https://sylhetdiv.gov.bd/views/info-officers,2026-09-29
"ডাক, টেলিযোগাযোগ ও তথ্যপ্রযুক্তি মন্ত্রণালয়",ডাক ও টেলিযোগাযোগ বিভাগ,টেলিটক বাংলাদেশ লি:,,,,,,,,,,,,,,,,,,,,,,https://teletalk.gov.bd/views/info-officers,2026-09-28
"ডাক, টেলিযোগাযোগ ও তথ্যপ্রযুক্তি মন্ত্রণালয়",ডাক ও টেলিযোগাযোগ বিভাগ,টেলিযোগাযোগ অধিদপ্তর,"এস, ওয়াজেদ আলী",উপ-পরিচালক ( অন্যান্য সংস্থা ),,০১৫৫০১৫১২৬৭,s.wazedali@yahoo.com,টেলিযোগাযোগ অধিদপ্তর,,মোঃ আব্দুস সালাম,উপ-পরিচালক (আইসিটি বাস্তবায়ন),০২-৯৮৩০৬৫৫,০১৫৫০১৫১৪২১,abdus.salam@telecomdept.gov.bd,টেলিযোগাযোগ অধিদপ্তর,,মহাপরিচালক,মহাপরিচালক (অতিরিক্ত সচিব) (অতিঃ দাঃ),+৮৮০২৯৮৩০৯১১,,dg.dot@telecomdept.gov.bd,টেলিযোগাযোগ অধিদপ্তর,,https://telecomdept.gov.bd/views/info-officers,2026-09-30
"ডাক, টেলিযোগাযোগ ও তথ্যপ্রযুক্তি মন্ত্রণালয়",ডাক ও টেলিযোগাযোগ বিভাগ,ডাক অধিদপ্তর,,,,,,,,,,,,,,,,,,,,,,https://bdpost.gov.bd/views/info-officers,2026-09-28
"ডাক, টেলিযোগাযোগ ও তথ্যপ্রযুক্তি মন্ত্রণালয়",ডাক ও টেলিযোগাযোগ বিভাগ,ডাক ও টেলিযোগাযোগ বিভাগ,মো: মোজাম্মেল হক চৌধুরী (১৮১৮৫),"সিনিয়র সহকারী সচিব (প্রশাসন-১), (কাউন্সিল অফিসার), অতিরিক্ত দায়িত্ব",০২৫৫১০১৪৫১,০১৯১৩৮০৮৮৪৭,admin1@ptd.gov.bd,ডাক ও টেলিযোগাযোগ বিভাগ,https://objectstorage.ap-dcc-gazipur-1.oraclecloud15.com/n/axvjbnqprylg/b/V2Ministry/o/office-ptd/2026/7/02ae5bbc-a4b6-4738-ae7d-74e791429f9b.jpg,মোঃ হাবিবুর রহমান,সহকারী প্রোগ্রামার,০২২২৩৩৫৮৩৭৭,০১৫৫০১৫৩৭০২,mhr.habib@ptd.gov.bd,ডাক ও টেলিযোগাযোগ বিভাগ,https://objectstorage.ap-dcc-gazipur-1.oraclecloud15.com/n/axvjbnqprylg/b/V2Ministry/o/office-ptd/2026/7/87e9ae6d-2e6c-4373-bf16-d9089b86bb08.jpeg,মিজ্ বিলকিস জাহান রিমি (৬৩৯৪),সচিব,০২২২৩৩৮৫৫৮৮,,secretary@ptd.gov.bd,ডাক ও টেলিযোগাযোগ বিভাগ,https://objectstorage.ap-dcc-gazipur-1.oraclecloud15.com/n/axvjbnqprylg/b/V2Ministry/o/office-ptd/2026/3/1994b23f-7e04-413c-86de-6c604bf99d3a.jpg,https://ptd.gov.bd/views/info-officers,2026-09-29
"ডাক, টেলিযোগাযোগ ও তথ্যপ্রযুক্তি মন্ত্রণালয়",ডাক ও টেলিযোগাযোগ বিভাগ,বাংলাদেশ টেলিকমিউনিকেশনস কোম্পানি লিমিটেড,,,,,,,,,,,,,,,,,,,,,,https://btcl.gov.bd/views/info-officers,2026-09-28
"ডাক, টেলিযোগাযোগ ও তথ্যপ্রযুক্তি মন্ত্রণালয়",ডাক ও টেলিযোগাযোগ বিভাগ,বাংলাদেশ টেলিযোগাযোগ রেগুলেটরি কমিশন,তৌহিদুর নাহার,,,,,,https://objectstorage.ap-dcc-gazipur-1.oraclecloud15.com/n/axvjbnqprylg/b/V2Ministry/o/office-btrc/2024/12/5c1cab887de34b5099bd6011b853cc34.jpg,মোঃ আব্দুস শাহীদ চৌধুরী,উপ-পরিচালক,,০১৫৫২২০২৭২৬,shaahid@btrc.gov.bd,বাংলাদেশ টেলিযোগাযোগ নিয়ন্ত্রণ কমিশন,https://objectstorage.ap-dcc-gazipur-1.oraclecloud15.com/n/axvjbnqprylg/b/V2Ministry/o/office-btrc/2024/12/f25c3a2a926c41c7a924e5fb6cecab2e.jpg,,,,,,,,https://btrc.gov.bd/views/info-officers,2026-09-29
"ডাক, টেলিযোগাযোগ ও তথ্যপ্রযুক্তি মন্ত্রণালয়","ডাক, টেলিযোগাযোগ ও তথ্যপ্রযুক্তি মন্ত্রণালয়","ডাক, টেলিযোগাযোগ ও তথ্যপ্রযুক্তি মন্ত্রণালয়",,,,,,,,,,,,,,,,,,,,,,https://moptit.gov.bd/views/info-officers,2026-09-28
"ডাক, টেলিযোগাযোগ ও তথ্যপ্রযুক্তি মন্ত্রণালয়",তথ্য ও যোগাযোগ প্রযুক্তি বিভাগ,তথ্য ও যোগাযোগ প্রযুক্তি অধিদপ্তর,জনাব প্রকৌশলী মোছা: উম্মে মারজিয়া,প্রোগ্রামার (প্রশাসন),,+৮৮০ ১৭১৭ ৬৩০৫৫৬,programmer.hq@doict.gov.bd,তথ্য ও যোগাযোগ প্রযুক্তি অধিদপ্তর,https://objectstorage.ap-dcc-gazipur-1.oraclecloud15.com/n/axvjbnqprylg/b/V2Ministry/o/office-doict/2026/4/4637a628-4ca2-4af9-ac6e-8b355996841b.jpeg,জনাব ইসমেত ফারজানা,সহকারী পরিচালক (প্রশাসন),,+৮৮০ ১৬৭৩ ১৮১৯২০ / +৮৮০ ১৫৫০ ০২৮২১৮,ismetfarzana@doict.gov.bd,তথ্য ও যোগাযোগ প্রযুক্তি অধিদপ্তর,https://objectstorage.ap-dcc-gazipur-1.oraclecloud15.com/n/axvjbnqprylg/b/V2Ministry/o/office-doict/2024/12/89bde7b4e29249bfa6f0d9987c787e88.jpg,মোঃ মামুনুর রশীদ ভূঞা (৬৪৯২),সচিব,+৮৮-০২-৪১০২৪০৩১,,secretary@ictd.gov.bd,তথ্য ও যোগাযোগ প্রযুক্তি বিভাগ,https://objectstorage.ap-dcc-gazipur-1.oraclecloud15.com/n/axvjbnqprylg/b/V2Ministry/o/office-ictd/2026/5/23afb271-0c40-4170-b22f-57924c6fffee.png,https://doict.gov.bd/views/info-officers,2026-09-30
"ডাক, টেলিযোগাযোগ ও তথ্যপ্রযুক্তি মন্ত্রণালয়",তথ্য ও যোগাযোগ প্রযুক্তি বিভাগ,তথ্য ও যোগাযোগ প্রযুক্তি বিভাগ,আফিয়া সুলতানা কেয়া (১৭৭৭৩),সিনিয়র সহকারী সচিব (সমন্বয় শাখা),+৮৮-০২-৪১০২৪০৪৫,+৮৮-০১৭৮৩০৪৩৩৩৪,cr.sec@ictd.gov.bd,তথ্য ও যোগাযোগ প্রযুক্তি বিভাগ,https://objectstorage.ap-dcc-gazipur-1.oraclecloud15.com/n/axvjbnqprylg/b/V2Ministry/o/office-ictd/2024/12/2ef1ebe0694d4abb80a0c6266b0b953a.jpg,মুঃ মেসবাহুল আলম,সিনিয়র প্রোগ্রামার (ডিজিটাল সিকিউরিটি মনিটরিং ও অপারেশন শাখা),০২-৪১০২৪০৫৫,+৮৮-০১৭১৯৫৩৩০৬২,mesbah@ictd.gov.bd,তথ্য ও যোগাযোগ প্রযুক্তি বিভাগ,https://objectstorage.ap-dcc-gazipur-1.oraclecloud15.com/n/axvjbnqprylg/b/V2Ministry/o/office-ictd/2024/12/113f1e7633d94fa4a69487586471f15b.jpg,মোঃ মামুনুর রশীদ ভূঞা (৬৪৯২),সচিব,+৮৮-০২-৪১০২৪০৩১,,secretary@ictd.gov.bd,তথ্য ও যোগাযোগ প্রযুক্তি বিভাগ,https://objectstorage.ap-dcc-gazipur-1.oraclecloud15.com/n/axvjbnqprylg/b/V2Ministry/o/office-ictd/2026/5/23afb271-0c40-4170-b22f-57924c6fffee.png,https://ictd.gov.bd/views/info-officers,2026-09-29
তথ্য ও সম্প্রচার মন্ত্রণালয়,তথ্য ও সম্প্রচার মন্ত্রণালয়,গণযোগাযোগ অধিদপ্তর,,,,,,,,ফাতেমা জান্নাতুল ফেরদৌস সুরভী,সহকারী পরিচালক (মহিলা),০২-৮৩০০৬৪৫,০১৭২৩২৫৫৯২২,s.surove@gmail.com,"গণযোগাযোগ অধিদপ্তর, ঢাকা",https://objectstorage.ap-dcc-gazipur-1.oraclecloud15.com/n/axvjbnqprylg/b/V2Ministry/o/office-masscommunication/2024/12/b5d2aaef16c0422bba8f007ee2a7f8e7.jpg,মাহবুবা ফারজানা,সচিব,২২৩৩৫৬৬১৮,,secretary@moi.gov.bd,তথ্য ও সম্প্রচার মন্ত্রণালয়,https://objectstorage.ap-dcc-gazipur-1.oraclecloud15.com/n/axvjbnqprylg/b/V2Ministry/o/office-moi/2026/1/2b0bdfe5-5761-4d1f-8c38-becdbec1725e.jpg,https://masscommunication.gov.bd/views/info-officers,2026-09-30
তথ্য ও সম্প্রচার মন্ত্রণালয়,তথ্য ও সম্প্রচার মন্ত্রণালয়,চলচ্চিত্র ও প্রকাশনা অধিদপ্তর,সেলিনা আক্তার,উপপরিচালক (প্রশাসন),০২-৮৩০০৬৮২,০১৭১৫৬২৪৭৯৩,ddadmin@dfp.gov.bd,চলচ্চিত্র ও প্রকাশনা অধিদপ্তর,https://objectstorage.ap-dcc-gazipur-1.oraclecloud15.com/n/axvjbnqprylg/b/V2Ministry/o/office-dfp/2024/12/a736da73e7dc4ff188ff86824222d82f.jpg,মোহাম্মদ সায়েম হোসেন,সহকারি পরিচালক (প্রশাসন),০২-৮৩০০৬৯৮,০১৭১০৭৭০১৭১,adadmin@dfp.gov.bd,চলচ্চিত্র ও প্রকাশনা অধিদপ্তর,https://objectstorage.ap-dcc-gazipur-1.oraclecloud15.com/n/axvjbnqprylg/b/V2Ministry/o/office-dfp/2024/12/36bba35a843d4e5f990f8b4844e23854.jpg,স.ম গোলাম কিবরিয়া,মহাপরিচালক,০২-৮৩৩১০৩৪,০১৫৫২৩১৮১০৮,dg@dfp.gov.bd,চলচ্চিত্র ও প্রকাশনা অধিদপ্তর,https://objectstorage.ap-dcc-gazipur-1.oraclecloud15.com/n/axvjbnqprylg/b/V2Ministry/o/office-dfp/2024/12/25f8634ef713417ab2b7d9ba79f70477.jpg,https://dfp.gov.bd/views/info-officers,2026-09-30
তথ্য ও সম্প্রচার মন্ত্রণালয়,তথ্য ও সম্প্রচার মন্ত্রণালয়,তথ্য অধিদফতর (পিআইডি),হাছিনা আক্তার; (বিসিএস ২৪তম ব্যাচ),উপপ্রধান তথ্য অফিসার (প্রশাসন ও অর্থ),,০১৭১২৪৩৫৩৫১,akterhasina90@gmail.com,"তথ্য অধিদফতর, বাংলাদেশ সচিবালয়, ঢাকা",https://objectstorage.ap-dcc-gazipur-1.oraclecloud15.com/n/axvjbnqprylg/b/V2Ministry/o/office-pressinform/2024/12/90cd7df10c5740559375c093e0d7d482.jpg,মো. মনিরুজ্জামান খান (বিসিএস ৩১তম ব্যাচ),সিনিয়র তথ্য অফিসার (প্রশাসন),,,monir.ecs@gmail.com,"তথ্য অধিদফতর, বাংলাদেশ সচিবালয়, ঢাকা",https://objectstorage.ap-dcc-gazipur-1.oraclecloud15.com/n/axvjbnqprylg/b/V2Ministry/o/office-pressinform/2024/12/194acfa5b5ae414a9a827b70bdcb4095.jpg,মাহবুবা ফারজানা,সচিব,২২৩৩৫৬৬১৮,,secretary@moi.gov.bd,তথ্য ও সম্প্রচার মন্ত্রণালয়,https://objectstorage.ap-dcc-gazipur-1.oraclecloud15.com/n/axvjbnqprylg/b/V2Ministry/o/office-moi/2026/1/2b0bdfe5-5761-4d1f-8c38-becdbec1725e.jpg,https://pressinform.gov.bd/views/info-officers,2026-09-29
তথ্য ও সম্প্রচার মন্ত্রণালয়,তথ্য ও সম্প্রচার মন্ত্রণালয়,তথ্য ও সম্প্রচার মন্ত্রণালয়,খাদিজা তাহেরা ববি,"উপসচিব, প্রেস-২ শাখা",২২২৩৩৮০৭৮৭,০১৭১১৯৫৪৩৮৭,press2@moi.gov.bd,তথ্য ও সম্প্রচার মন্ত্রণালয়,https://objectstorage.ap-dcc-gazipur-1.oraclecloud15.com/n/axvjbnqprylg/b/V2Ministry/o/office-moi/2024/12/b1896dffaab14f27a7081719f800ecb7.jpg,মোঃ মাসুদ খাঁন,"উপসচিব, প্রেস-১ শাখা",৫৫১০০৪৬২,০১৭১১১১৩৯৭১,press1@moi.gov.bd,তথ্য ও সম্প্রচার মন্ত্রণালয়,https://objectstorage.ap-dcc-gazipur-1.oraclecloud15.com/n/axvjbnqprylg/b/V2Ministry/o/office-moi/2024/12/2586067013ea44459079de82414b8309.jpg,মাহবুবা ফারজানা,সচিব,২২৩৩৫৬৬১৮,০১৮৩৬৭৪৪৭৪৪,secretary@moi.gov.bd,তথ্য ও সম্প্রচার মন্ত্রণালয়,https://objectstorage.ap-dcc-gazipur-1.oraclecloud15.com/n/axvjbnqprylg/b/V2Ministry/o/office-moi/2024/12/444de0967b524fcd876e4829aa5c3c3c.jpg,https://moi.gov.bd/views/info-officers,2026-09-30
তথ্য ও সম্প্রচার মন্ত্রণালয়,তথ্য ও সম্প্রচার মন্ত্রণালয়,তথ্য কমিশন বাংলাদেশ,লিটন কুমার প্রামাণিক,জনসংযোগ কর্মকর্তা,০২-৪১০২৪৬৩১,০১৭১০-৪৩৭২৬৬,pro@infocom.gov.bd,তথ্য কমিশন বাংলাদেশ,https://objectstorage.ap-dcc-gazipur-1.oraclecloud15.com/n/axvjbnqprylg/b/V2Ministry/o/office-infocom/2024/12/d797badb6d5b4c77ae3183c4ebb56f46.JPG,হেলাল আহমেদ,উপপরিচালক (প্রশাসন ও অর্থ) (চ: দা:),০২-৪১০২৫৪০৪,০১৭১৮৭৮৩৫৮৮,dd.admin@infocom.gov.bd,তথ্য কমিশন বাংলাদেশ,https://objectstorage.ap-dcc-gazipur-1.oraclecloud15.com/n/axvjbnqprylg/b/V2Ministry/o/office-infocom/2024/12/aa56bd79a80740769b617ac01e0423b3.JPG,মোঃ শাহ আলম,সচিব (রুটিন/অতিরিক্ত),+৮৮-০২-৪১০২৪৬২৫,০১৯৩৬৭৬১৪৭৫,secretary@infocom.gov.bd,তথ্য কমিশন বাংলাদেশ,https://objectstorage.ap-dcc-gazipur-1.oraclecloud15.com/n/axvjbnqprylg/b/V2Ministry/o/office-infocom/2026/6/ccd0caaa-ecc5-49ac-8e55-33a3b3e8683e.jpeg,https://infocom.gov.bd/views/info-officers,2026-09-29
তথ্য ও সম্প্রচার মন্ত্রণালয়,তথ্য ও সম্প্রচার মন্ত্রণালয়,বাংলাদেশ টেলিভিশন,মো: সিরাজুল হক ভূঞা,অতিরিক্ত পরিচালক (প্রশাসন),৫৫১৩১৯৯৮,,sirazul29@gmail.com,"বাংলাদেশ টেলিভিশন, সদর দপ্তর",https://objectstorage.ap-dcc-gazipur-1.oraclecloud15.com/n/axvjbnqprylg/b/V2Ministry/o/office-btv/2024/12/ca5f5fc9fd894664b410f4533d5906a0.jpg,আসিফা সিদ্দিকা,সহকারী পরিচালক (প্রশাসন)(গ্রেড-২),,০১৮১৬৯৩৪২৮৬,ashifabtv1981@gmail.com,"বাংলাদেশ টেলিভিশন, সদর দপ্তর",https://objectstorage.ap-dcc-gazipur-1.oraclecloud15.com/n/axvjbnqprylg/b/V2Ministry/o/office-btv/2024/12/00bb583a73054029a2dca8bff191f608.jpg,কাজী জেসিন,মহাপরিচালক,৫৫১৩২২২২,,dg@btv.gov.bd,"বাংলাদেশ টেলিভিশন, সদর দপ্তর",https://objectstorage.ap-dcc-gazipur-1.oraclecloud15.com/n/axvjbnqprylg/b/V2Ministry/o/office-btv/2026/7/0a2f77b0-6ede-454a-b9e7-0ba661b6c65a.png,https://btv.gov.bd/views/info-officers,2026-09-29
তথ্য ও সম্প্রচার মন্ত্রণালয়,তথ্য ও সম্প্রচার মন্ত্রণালয়,বাংলাদেশ বেতার,মো: রুবাইয়াত শামীম চৌধুরী,পরিচালক (প্রশাসন ও অর্থ),০২-৪৪৩০৭১,০১৭১৬-০৬৮৪৩৬,da@betar.gov.bd,বাংলাদেশ বেতার,https://objectstorage.ap-dcc-gazipur-1.oraclecloud15.com/n/axvjbnqprylg/b/V2Ministry/o/office-betar/2026/0/3c7e654b-e969-4e90-942a-5eaea57de10e.jpeg,মোস্তাক আহম্মদ,আঞ্চলিক পরিচালক,,০১৮৪৩৭৯০৮০০,mostakahmmad.24@gmail.com,বাংলাদেশ বেতার,https://objectstorage.ap-dcc-gazipur-1.oraclecloud15.com/n/axvjbnqprylg/b/V2Ministry/o/office-betar/2026/6/89f05da0-2731-4724-8679-6908eeecf986.jpg,এ এস এম জাহীদ,মহাপরিচালক,০২-৪৪৮১৩০৬২,০১৩১০-৮৫৪২৫৭,dg@betar.gov.bd,বাংলাদেশ বেতার,https://objectstorage.ap-dcc-gazipur-1.oraclecloud15.com/n/axvjbnqprylg/b/V2Ministry/o/office-betar/2026/0/edc07f52-e472-4871-b744-b0be30659431.jpg,https://betar.gov.bd/views/info-officers,2026-09-29
দুর্যোগ ব্যবস্থাপনা ও ত্রাণ মন্ত্রণালয়,দুর্যোগ ব্যবস্থাপনা ও ত্রাণ মন্ত্রণালয়,দুর্যোগ ব্যবস্থাপনা অধিদপ্তর,,,,,,,,,,,,,,,আবু সৈয়দ মোহাম্মদ হাশিম (অতিরিক্ত সচিব),মহাপরিচালক,,,,,,https://ddm.gov.bd/views/info-officers,2026-09-30
দুর্যোগ ব্যবস্থাপনা ও ত্রাণ মন্ত্রণালয়,দুর্যোগ ব্যবস্থাপনা ও ত্রাণ মন্ত্রণালয়,দুর্যোগ ব্যবস্থাপনা ও ত্রাণ মন্ত্রণালয়,আবু দাউদ মো: গোলাম মোস্তফা (৬৭৩২) (২০তম ব্যাচ),যুগ্মসচিব,+৮৮-০২-৫৫১০০১৩৩,+৮৮-০১৭১১৫৮১৮২১,gulam.mustafa@modmr.gov.bd,"প্রশাসন অধিশাখা, শৃঙ্খলা ও গোপনীয় অনুবেদন অধিশাখা",https://objectstorage.ap-dcc-gazipur-1.oraclecloud15.com/n/axvjbnqprylg/b/V2Ministry/o/office-modmr/2024/12/a132c067ec5f49588805af16e220e001.jpg,মোঃ জাহাঙ্গীর আলম (১৬৩০৪) (২৭তম ব্যাচ),উপসচিব,+৮৮-০২-৫৫১০০৫৪২,+৮৮-০১৭১৮৫৬০৬৩৬,jahangir.alam@modmr.gov.bd,"প্রশাসন- ১, ২",https://objectstorage.ap-dcc-gazipur-1.oraclecloud15.com/n/axvjbnqprylg/b/V2Ministry/o/office-modmr/2024/12/b33680a9dd774b4b8411347c11363e22.jpeg,মোহাম্মদ সাইফুল ইসলাম,সচিব,+৮৮-০২-৫৫১০০৮৭৭,,secretary@modmr.gov.bd,দুর্যোগ ব্যবস্থাপনা ও ত্রাণ মন্ত্রণালয়,https://objectstorage.ap-dcc-gazipur-1.oraclecloud15.com/n/axvjbnqprylg/b/V2Ministry/o/office-modmr/2026/7/1d3baaee-8c49-4998-a8b7-042a7a417f36.jpg,https://modmr.gov.bd/views/info-officers,2026-09-29
ধর্ম বিষয়ক মন্ত্রণালয়,ধর্ম বিষয়ক মন্ত্রণালয়,ধর্ম বিষয়ক মন্ত্রণালয়,আবদুল্লা-আল-শাহীন (৭৯৬৫),যুগ্মসচিব,+৮৮ ০২-৫৫১০১১৬৮,+৮৮০১৭১১৪৭৩৮৭৬,ds_law@mora.gov.bd,আইন অধিশাখা,https://objectstorage.ap-dcc-gazipur-1.oraclecloud15.com/n/axvjbnqprylg/b/V2Ministry/o/office-mora/2026/5/4040d099-9b47-4745-80d9-2c83f1a98543.png,মোহা: রুহুল আমিন (১৫৫২৩),যুগ্মসচিব,+৮৮০২-২২৩৩৮১৮৮৪,+৮৮০১৭৭৮০৭৯৯৯৯,ds_anudan@mora.gov.bd,অনুদান ও অডিট অধিশাখা,https://objectstorage.ap-dcc-gazipur-1.oraclecloud15.com/n/axvjbnqprylg/b/V2Ministry/o/office-mora/2026/8/58b3e04a-cd70-4c11-8ddd-d8efc6819cf8.png,"মুন্সী আলাউদ্দিন আল আজাদ, এনডিসি (২৩৮৫)",সচিব,+৮৮-০২-৯৫১৪৫৩৩,,secretary@mora.gov.bd,ধর্ম বিষয়ক মন্ত্রণালয়,https://objectstorage.ap-dcc-gazipur-1.oraclecloud15.com/n/axvjbnqprylg/b/V2Ministry/o/office-mora/2026/5/25420eef-f8c1-4078-9d1f-8097c701dc46.png,https://mora.gov.bd/views/info-officers,2026-09-29
নির্বাচন কমিশন সচিবালয়,নির্বাচন কমিশন সচিবালয়,নির্বাচন কমিশন সচিবালয়,,,,,,,,,,,,,,,,,,,,,,https://ecs.gov.bd/views/info-officers,2026-09-28
নৌ-পরিবহন মন্ত্রণালয়,নৌ-পরিবহন মন্ত্রণালয়,চট্টগ্রাম বন্দর কর্তৃপক্ষ,Md. Nasir Uddin,চীফ পারসোনেল অফিসার,৮৮-০২-৩৩৩৩২০৮৮৫,,nasircp49@gmail.com,চট্টগ্রাম বন্দর কর্তৃপক্ষ,https://objectstorage.ap-dcc-gazipur-1.oraclecloud15.com/n/axvjbnqprylg/b/V2Ministry/o/office-cpa/2026/4/2c5dae4c-c8c4-40a7-a4dd-b94a0f39496a.jpeg,সৈয়দ রেফায়েত হামিম,সচিব (অতিঃ দাঃ),৮৮-০২-৩৩৩৩৩০৮৬৯,০১৮৯৪৭০৮০২০,secretary@cpa.gov.bd,চট্টগ্রাম বন্দর কর্তৃপক্ষ,https://objectstorage.ap-dcc-gazipur-1.oraclecloud15.com/n/axvjbnqprylg/b/V2Ministry/o/office-cpa/2026/6/7cac5972-a97c-4d9c-8ff3-b8f62521352f.jpg,"রিয়ার এডমিরাল এস. এম. মনিরুজ্জামান, ওএসপি, এনডিসি, এনসিসি, পিএসসি",চেয়ারম্যান,৮৮-০২-৩৩৩৩১০৮৭০,,chairman@cpa.gov.bd,চট্টগ্রাম বন্দর কর্তৃপক্ষ,https://objectstorage.ap-dcc-gazipur-1.oraclecloud15.com/n/axvjbnqprylg/b/V2Ministry/o/office-cpa/2024/12/595af3c978cf4c939aa4c8f7aeca6f34.jpeg,https://cpa.gov.bd/views/info-officers,2026-09-29
নৌ-পরিবহন মন্ত্রণালয়,নৌ-পরিবহন মন্ত্রণালয়,পায়রা বন্দর কর্তৃপক্ষ,,,,,,,,তায়েবুর রহমান,উপ-পরিচালক (সংস্থাপন এবং নিয়োগ),+৮৮০৯৬ ১০২০২২২৮,+৮৮০১৩৩৫০৯৫০১৪,dd.admin@ppa.gov.bd,পায়রা বন্দর কর্তৃপক্ষ,https://objectstorage.ap-dcc-gazipur-1.oraclecloud15.com/n/axvjbnqprylg/b/V2Ministry/o/office-ppa/2024/12/1bed3ed4a46a41c0896581aa538ed158.jpg,"রিয়ার এডমিরাল সৈয়দ সাইফ-উল ইসলাম, বিএসপি, এনডিসি, এএফডব্লিউসি, পিএসসি",চেয়ারম্যান,+৮৮০৯৬ ১০২০২২২৩,,chairman@ppa.gov.bd,পায়রা বন্দর কর্তৃপক্ষ,https://objectstorage.ap-dcc-gazipur-1.oraclecloud15.com/n/axvjbnqprylg/b/V2Ministry/o/office-ppa/2026/6/e2885324-da42-47ef-a12a-9f748192f929.jpeg,https://ppa.gov.bd/views/info-officers,2026-09-29
নৌ-পরিবহন মন্ত্রণালয়,নৌ-পরিবহন মন্ত্রণালয়,বাংলাদেশ অভ্যন্তরীণ নৌ-পরিবহন কর্তৃপক্ষ,জনাব মোঃ শাহাদাত হোসেন,উপ পরিচালক (জনসংযোগ কর্মকর্তা),০২২২৩৩৯০৫৫৪,০১৬৮৮৬০১৬৭৯,probiwta@gmail.com,"জনসংযোগ কর্মকর্তা, জনসংযোগ শাখা, বাঅনৌপক।",https://objectstorage.ap-dcc-gazipur-1.oraclecloud15.com/n/axvjbnqprylg/b/V2Ministry/o/office-biwta/2024/12/7240f923d27c496297ecbe360a5b0b7a.jpeg,জনাব সাদিয়া ইসলাম,সহকারী পরিচালক (সহকারী জনসংযোগ কর্মকর্তা),০,০১৭১২৬৫৩১৭২,sadianova2@gmail.com,"সহকারী জনসংযোগ কর্মকর্তা, জনসংযোগ শাখা, বাঅনৌপক।",https://objectstorage.ap-dcc-gazipur-1.oraclecloud15.com/n/axvjbnqprylg/b/V2Ministry/o/office-biwta/2024/12/cbc0ae9051ac402a91b84cfb82d11d19.jpg,জনাব মোঃ সাইফুল ইসলাম,পরিচালক (প্রশাসন ও মানব সম্পদ),০২২২৩৩৮৪৬৩৪,০১৮১৯৬৭৩২৫৭,saiful.1968biwta@gmail.com,পরিচালক (প্রশাসন ও মানব সম্পদ) বিআইডব্লিউটিএ,https://objectstorage.ap-dcc-gazipur-1.oraclecloud15.com/n/axvjbnqprylg/b/V2Ministry/o/office-biwta/2024/12/ca941a0462204bafbe428e29c346056a.jpg,https://biwta.gov.bd/views/info-officers,2026-09-29
নৌ-পরিবহন মন্ত্রণালয়,নৌ-পরিবহন মন্ত্রণালয়,বাংলাদেশ স্থলবন্দর কর্তৃপক্ষ,আবু সালেহ্,শ্রমকল্যাণ কর্মকর্তা,+৮৮-০২-৪১০২৫৩৩৪,+৮৮-০১৩১৮৩৫১৭৩৩,lwo@blpa.gov.bd,বাংলাদেশ স্থলবন্দর কর্তৃপক্ষ,https://objectstorage.ap-dcc-gazipur-1.oraclecloud15.com/n/axvjbnqprylg/b/V2Ministry/o/office-bsbk/2026/7/ade235e1-0b6c-4579-95e6-88ac2bf73c5a.jpeg,মো: রায়হান কবির,জনসংযোগ কর্মকর্তা,+৮৮-০২-৪১০২৫৩৩৪,০১৫১৮৬৪৫২৬১,pro@blpa.gov.bd,বাংলাদেশ স্থলবন্দর কর্তৃপক্ষ,https://objectstorage.ap-dcc-gazipur-1.oraclecloud15.com/n/axvjbnqprylg/b/V2Ministry/o/office-bsbk/2024/12/6c4b7b0a86994b83a56f7b82ca9fa1a8.jpg,মোহাম্মদ মানজারুল মান্নান,চেয়ারম্যান(অতিরিক্ত সচিব),০২-৪১০২৫৩৪৮,,chairman@blpa.gov.bd,বাংলাদেশ স্থলবন্দর কর্তৃপক্ষ,https://objectstorage.ap-dcc-gazipur-1.oraclecloud15.com/n/axvjbnqprylg/b/V2Ministry/o/office-bsbk/2026/3/66f2a117-d130-4235-95ad-20064b8b3339.jpg,https://blpa.gov.bd/views/info-officers,2026-09-29
নৌ-পরিবহন মন্ত্রণালয়,নৌ-পরিবহন মন্ত্রণালয়,মোংলা বন্দর কর্তৃপক্ষ,কালাচাঁদ সিংহ (যুগ্মসচিব),পরিচালক (বোর্ড),০১৭৪৩-৮০১৬৩৪,"০১৯১৫৫২৫১৭৩, ০১৩২৯৬৯৯১৭১",sec@mpa.gov.bd,মোংলা বন্দর কর্তৃপক্ষ,https://objectstorage.ap-dcc-gazipur-1.oraclecloud15.com/n/axvjbnqprylg/b/V2Ministry/o/office-mpa/2024/12/623d116162e44e11bbb16b632d7fd1ad.jpg,মোঃ মাকরুজ্জামান,ঊর্ধ্বতন উপ-ব্যবস্থাপক,+৮৮০২৪৭৭৭৫৩৮২৫,০১৩২৯৬৯৯০৮৫,sdm@mpa.gov.bd,মোংলা বন্দর কর্তৃপক্ষ,https://objectstorage.ap-dcc-gazipur-1.oraclecloud15.com/n/axvjbnqprylg/b/V2Ministry/o/office-mpa/2024/12/4d5ce8107b8944c4997c229f8684385c.jpg,"রিয়ার এডমিরাল আরিফ আহমেদ মোস্তফা, এনইউপি, এনডিসি, এএফডব্লিউসি, পিএসসি",চেয়ারম্যান,০২-৪৭৭৭৫৩৭৭৩,,chairman@mpa.gov.bd,মোংলা বন্দর কর্তৃপক্ষ,https://objectstorage.ap-dcc-gazipur-1.oraclecloud15.com/n/axvjbnqprylg/b/V2Ministry/o/office-mpa/2026/5/96e5dc89-4419-4803-8218-7f49d8c6ec85.jpeg,https://mpa.gov.bd/views/info-officers,2026-09-29
নৌ-পরিবহন মন্ত্রণালয়,নৌপরিবহন মন্ত্রণালয়,নৌ-পরিবহন মন্ত্রণালয়,এ. টি. এম. মোর্শেদ (১৭৫৯৫),সিনিয়র সহকারী সচিব (সংসদ সমন্বয় শাখা),,০১৬৭২-০১৯৬৫৬,sas.parliament@mos.gov.bd,নৌপরিবহন মন্ত্রণালয়,https://objectstorage.ap-dcc-gazipur-1.oraclecloud15.com/n/axvjbnqprylg/b/V2Ministry/o/office-mos/2024/12/08e5343185c34ed1991e1f9158c00e2c.jpg,আব্দুস সালাম (১১৮৬১),সহকারী সচিব (টিসি),৫৫১০১০৪৭,০১৫৫২-৩৪৮০৭০,ds.biwtc@mos.gov.bd,নৌপরিবহন মন্ত্রণালয়,https://objectstorage.ap-dcc-gazipur-1.oraclecloud15.com/n/axvjbnqprylg/b/V2Ministry/o/office-mos/2026/7/cce23fce-872c-4385-8302-5e094a1cd0ba.PNG,জাকারিয়া (৬৪১৯),সচিব,+৮৮০২-২২৩৩৫৬৭৭০,০১৭৬০-৪০০৩৮৫,secretary@mos.gov.bd,নৌপরিবহন মন্ত্রণালয়,https://objectstorage.ap-dcc-gazipur-1.oraclecloud15.com/n/axvjbnqprylg/b/V2Ministry/o/office-mos/2026/3/0dde661f-633e-4ba6-8a16-012d4d09c83e.jpeg,https://mos.gov.bd/views/info-officers/%E0%A6%A6%E0%A6%BE%E0%A7%9F%E0%A6%BF%E0%A6%A4%E0%A7%8D%E0%A6%AC%E0%A6%AA%E0%A7%8D%E0%A6%B0%E0%A6%BE%E0%A6%AA%E0%A7%8D%E0%A6%A4-%E0%A6%95%E0%A6%B0%E0%A7%8D%E0%A6%AE%E0%A6%95%E0%A6%B0%E0%A7%8D%E0%A6%A4%E0%A6%BE-%E0%A6%93-%E0%A6%86%E0%A6%AA%E0%A7%80%E0%A6%B2-%E0%A6%95%E0%A6%B0%E0%A7%8D%E0%A6%A4%E0%A7%83%E0%A6%AA%E0%A6%95%E0%A7%8D%E0%A6%B7/,2026-09-29
নৌপরিবহন মন্ত্রণালয়,নৌপরিবহন মন্ত্রণালয়,নৌপরিবহন অধিদপ্তর,লুসিকান্ত হাজং,স্পেশাল অফিসার মেরিন সেইফটি (নির্বাহী ম্যাজিস্ট্রেট),,০১৯২০২৫৪৬২০,hazonglosikanta.33@gmail.com,নৌপরিবহন অধিদপ্তর,https://objectstorage.ap-dcc-gazipur-1.oraclecloud15.com/n/axvjbnqprylg/b/V2Ministry/o/office-dos/2026/2/9814e663-70d4-41e0-9205-8b7492ad3240.png,মোহাম্মদ হাবিবুর রহমান,প্রসিকিউটিং অফিসার (অতিরিক্ত দায়িত্ব),+৮৮০ ২ ৯৫৫৮৫৬০,০১৭১২৯৬৬০৮৩,ci@dos.gov.bd,নৌপরিবহন অধিদপ্তর,https://objectstorage.ap-dcc-gazipur-1.oraclecloud15.com/n/axvjbnqprylg/b/V2Ministry/o/office-dos/2026/8/65795420-a32e-4ae3-b922-ef48993afc53.jpg,"কমডোর মোঃ শফিউল বারী, (এনডি), ওএসপি, এনডিসি, পিএসসি, বিএন",মহাপরিচালক,+৮৮-০২২২৩৩৭৪৩৬০,,dg@dos.gov.bd,নৌপরিবহন অধিদপ্তর,https://objectstorage.ap-dcc-gazipur-1.oraclecloud15.com/n/axvjbnqprylg/b/V2Ministry/o/office-dos/2024/12/82abf3eba0a64482ad1efdfda85139b5.jpg,https://dos.gov.bd/views/info-officers,2026-09-30
পররাষ্ট্র মন্ত্রণালয়,পররাষ্ট্র মন্ত্রণালয়,পররাষ্ট্র মন্ত্রণালয়,জনাব এস. এম. মাহবুবুল আলম,মহাপরিচালক,০২২২৩৩৫৭০৮৮,০১৭৯৩৭৭৭৭৫৫,dgeencis@mofa.gov.bd,পূর্ব ইউরোপ ও সিআইএস অনুবিভাগ,https://objectstorage.ap-dcc-gazipur-1.oraclecloud15.com/n/axvjbnqprylg/b/V2Ministry/o/office-mofa/2024/12/5f5e6812de4047129432894318093260.jpeg,জনাব এ এইচ এম মাসুম বিল্লাহ,পরিচালক,০২২২৩৩৮২৪৫৭,০১৭৫৪০৬৮৫২০,dirmedia@mofa.gov.bd,জনকূটনীতি অনুবিভাগ,https://objectstorage.ap-dcc-gazipur-1.oraclecloud15.com/n/axvjbnqprylg/b/V2Ministry/o/office-mofa/2024/12/ef0b88492b6b44039fb945846bcdba2e.jpg,ড. মুঃ নজরুল ইসলাম,সচিব,০২২২৩৩৮২৫১৫,,secretary.bilateral@mofa.gov.bd,পূর্ব ও পশ্চিম এর দপ্তর,https://objectstorage.ap-dcc-gazipur-1.oraclecloud15.com/n/axvjbnqprylg/b/V2Ministry/o/office-mofa/2024/12/7af57c6d86d149d5870085430fdf0455.jpg,https://mofa.gov.bd/views/info-officers,2026-09-29
পরিকল্পনা মন্ত্রণালয়,পরিকল্পনা বিভাগ,পরিকল্পনা বিভাগ,ফাতেমা বেগম,যুগ্মসচিব,৯১৮০৯৫২,০১৭২০২০৬২৭৯,1977fatema@gmail.com,"ভবন-০৯, পরিকল্পনা বিভাগ, পরিকল্পনা মন্ত্রণালয়, আগারগাঁও, শের-ই-বাংলা নগর, ঢাকা-১২০৭।",https://objectstorage.ap-dcc-gazipur-1.oraclecloud15.com/n/axvjbnqprylg/b/V2Ministry/o/office-plandiv/2024/12/64691657de5a41d8bd479311b1458453.jpg,মোঃ কামাল হোসেন,সহকারী সচিব,,০১৯১৪৪৮০৫৩১,kamalhossainmod@gmail.com,"ভবন-০৯, পরিকল্পনা বিভাগ, পরিকল্পনা মন্ত্রণালয়, আগারগাঁও, শের-ই-বাংলা নগর, ঢাকা-১২০৭।",https://objectstorage.ap-dcc-gazipur-1.oraclecloud15.com/n/axvjbnqprylg/b/V2Ministry/o/office-plandiv/2024/12/71c3b9f924fb4db7ba7af8ad84b17668.jpg,এস এম শাকিল আখতার,সচিব,২২২২১৬৬০০,০১৭১৩০৪৪৩৬৬,secretary@plandiv.gov.bd,"ভবন-০৪, পরিকল্পনা বিভাগ, পরিকল্পনা মন্ত্রণালয়, আগারগাঁও, শের-ই-বাংলা নগর, ঢাকা-১২০৭।",https://objectstorage.ap-dcc-gazipur-1.oraclecloud15.com/n/axvjbnqprylg/b/V2Ministry/o/office-plandiv/2024/12/a4ad93348ae648508e41ad300ddd502e.jpeg,https://plandiv.gov.bd/views/info-officers,2026-09-29
পরিকল্পনা মন্ত্রণালয়,পরিকল্পনা মন্ত্রণালয়,পরিকল্পনা মন্ত্রণালয়,,,,,,,,,,,,,,,,,,,,,,https://mop.gov.bd/views/info-officers,2026-09-28
পরিকল্পনা মন্ত্রণালয়,পরিকল্পনা মন্ত্রণালয়,বাংলাদেশ পরিকল্পনা কমিশন,,,,,,,,,,,,,,,,,,,,,,https://plancomm.gov.bd/views/info-officers,2026-09-28
পরিকল্পনা মন্ত্রণালয়,পরিসংখ্যান ও তথ্য ব্যবস্থাপনা বিভাগ,পরিসংখ্যান ও তথ্য ব্যবস্থাপনা বিভাগ,ড. মোঃ রফিকুল ইসলাম,উপসচিব,৫৫০০৭০৮৬,০১৭৩৫৪৬৩৩১৫,info1@sid.gov.bd,তথ্য ব্যবস্থাপনা-১ শাখা,https://objectstorage.ap-dcc-gazipur-1.oraclecloud15.com/n/axvjbnqprylg/b/V2Ministry/o/office-sid/2026/5/eedc5a16-3c15-46f5-9072-9af0293cbaac.png,ড. কল্যানী নন্দী,উপসচিব,৫৫০০৭০৪০,০১৭১৪৩৫৩৭৩০,info2@sid.gov.bd,তথ্য ব্যবস্থাপনা-২ শাখা,https://objectstorage.ap-dcc-gazipur-1.oraclecloud15.com/n/axvjbnqprylg/b/V2Ministry/o/office-sid/2024/12/064c4fe423974cf6a569b4437c174d74.jpg,মোঃ ফিরোজ সরকার,সচিব,+৮৮০২৫৫০০৭৩৭৩,০১৩০৯০১১৩৩৩,secy@sid.gov.bd,পরিসংখ্যান ও তথ্য ব্যবস্থাপনা বিভাগ,https://objectstorage.ap-dcc-gazipur-1.oraclecloud15.com/n/axvjbnqprylg/b/V2Ministry/o/office-sid/2026/3/2df0c242-4e76-4043-9ef3-63da1276b708.png,https://sid.gov.bd/views/info-officers,2026-09-29
পরিকল্পনা মন্ত্রণালয়,পরিসংখ্যান ও তথ্য ব্যবস্থাপনা বিভাগ,বাংলাদেশ পরিসংখ্যান ব্যুরো,ইসরাত জাহান নাছরিন,উপপরিচালক,,০১৭১৮৫২৭৬২২,isratmohuabbs@gmail.com,ন্যাশনাল একাউন্টিং উইং (অতিরিক্ত দায়িত্ব: QGDP & DGDP প্রকল্প),https://objectstorage.ap-dcc-gazipur-1.oraclecloud15.com/n/axvjbnqprylg/b/V2Ministry/o/office-bbs/2024/12/3fdb5d86bb4b4860809dc3e34050c69b.png,,,,,,,,মোঃ শামীমুল হক,মহাপরিচালক (অতিরিক্ত সচিব),০২-৫৫০০৭০৫৬,,dg@bbs.gov.bd,বাংলাদেশ পরিসংখ্যান ব্যুরো,https://objectstorage.ap-dcc-gazipur-1.oraclecloud15.com/n/axvjbnqprylg/b/V2Ministry/o/office-bbs/2026/7/7b8fb4f6-4381-429c-b2f7-f6781f986202.jpeg,https://bbs.gov.bd/views/info-officers,2026-09-29
পরিকল্পনা মন্ত্রণালয়,বাস্তবায়ন পরিবীক্ষণ ও মূল্যায়ন বিভাগ,বাস্তবায়ন পরিবীক্ষণ ও মূল্যায়ন বিভাগ,মোহাম্মদ এমদাদুল বারী (৮০৬৪),যুগ্মসচিব,৪৮১১৭২০৭,+৮৮০১৯১৩-২৫২৮৪৭,dscord@imed.gov.bd,সমন্বয় অধিশাখা,https://objectstorage.ap-dcc-gazipur-1.oraclecloud15.com/n/axvjbnqprylg/b/V2Ministry/o/office-imed/2026/6/977f412e-f97b-49a3-8d41-d7f3dffd7add.jpeg,মোহাম্মদ ফিজনূর রহমান (১৫৯৪০),পরিচালক,০২২২২২১৬৮৪৫,+৮৮০১৭১২-১২২৮৫১,dircord@imed.gov.bd,সমন্বয় ও এমআইএস,https://objectstorage.ap-dcc-gazipur-1.oraclecloud15.com/n/axvjbnqprylg/b/V2Ministry/o/office-imed/2024/12/a0fe2d6eb86d48e184b44c066f7bf709.png,সিরাজুন নূর চৌধুরী,সচিব,০২-২২২২১৬৮০০,,secretary@imed.gov.bd,"আইএমইডি, পরিকল্পনা মন্ত্রণালয়",https://objectstorage.ap-dcc-gazipur-1.oraclecloud15.com/n/axvjbnqprylg/b/V2Ministry/o/office-imed/2026/2/6acf11b7-5f47-429e-a3b3-0191f59ed693.jpg,https://imed.gov.bd/views/info-officers,2026-09-29
"পরিবেশ, বন ও জলবায়ু পরিবর্তন মন্ত্রণালয়","পরিবেশ, বন ও জলবায়ু পরিবর্তন মন্ত্রণালয়",পরিবেশ অধিদপ্তর,,,,,,,,,,,,,,,,,,,,,,https://doe.gov.bd/views/info-officers,2026-09-28
"পরিবেশ, বন ও জলবায়ু পরিবর্তন মন্ত্রণালয়","পরিবেশ, বন ও জলবায়ু পরিবর্তন মন্ত্রণালয়","পরিবেশ, বন ও জলবায়ু পরিবর্তন মন্ত্রণালয়",মোহাম্মদ রেজাউল করিম,যুগ্মসচিব (পরিবেশ-২ অধিশাখা),,০১৭৫০২৪০০১৪,jsenv2@moefcc.gov.bd,"পরিবেশ, বন ও জলবায়ু পরিবর্তন মন্ত্রণালয়",https://objectstorage.ap-dcc-gazipur-1.oraclecloud15.com/n/axvjbnqprylg/b/V2Ministry/o/office-moef/2024/12/dc1bb1045c7145db99801f8c6f142cb8.JPG,সাবরীনা রহমান,সিনিয়র সহকারী সচিব (পরিবেশ-৩ শাখা),,০১৮১৬২৬৫০০৫,env3@moefcc.gov.bd,"পরিবেশ, বন ও জলবায়ু পরিবর্তন মন্ত্রণালয়",https://objectstorage.ap-dcc-gazipur-1.oraclecloud15.com/n/axvjbnqprylg/b/V2Ministry/o/office-moef/2024/12/4a4aff13dbd546d789908d4149409492.jpg,,,,,,,,https://moef.gov.bd/views/info-officers,2026-09-30
"পরিবেশ, বন ও জলবায়ু পরিবর্তন মন্ত্রণালয়","পরিবেশ, বন ও জলবায়ু পরিবর্তন মন্ত্রণালয়",বন অধিদপ্তর,মাহমুদা রোকসেনা সুলতানা,উপবন সংরক্ষক,৫৫০০৬৭৮০,০১৭৬১৪৯৪৬২১,dcf-lu@bforest.gov.bd,"লিগ্যাল ইউনিট, বন ভবন, আগারগাঁও, ঢাকা",https://objectstorage.ap-dcc-gazipur-1.oraclecloud15.com/n/axvjbnqprylg/b/V2Ministry/o/office-bforest/2026/2/d5fda46a-2ed9-410a-9b76-8c4967de0560.jpg,খন্দকার মোঃ জাকারিয়া,সহকারী বন সংরক্ষক,৫৫০০৬৭৮০,০১৭১১-০০৯৯৮৫,kmdzakaria5@gmail.com,"লিগ্যাল ইউনিট, বন ভবন, আগারগাঁও, ঢাকা",https://objectstorage.ap-dcc-gazipur-1.oraclecloud15.com/n/axvjbnqprylg/b/V2Ministry/o/office-bforest/2024/12/ad2baf9851484d628ae625a5b7835250.jpg,ড. ফাহমিদা খানম,ভারপ্রাপ্ত সচিব,+৮৮০২৫৫১০০৪৩৩,,secretary@moefcc.gov.bd,"পরিবেশ, বন ও জলবায়ু পরিবর্তন মন্ত্রণালয়",https://objectstorage.ap-dcc-gazipur-1.oraclecloud15.com/n/axvjbnqprylg/b/V2Ministry/o/office-moef/2024/12/334386b8c66b4d37876fe6f58931f065.jpeg,https://bforest.gov.bd/views/info-officers,2026-09-29
পানি সম্পদ মন্ত্রণালয়,পানি সম্পদ মন্ত্রণালয়,পানি সম্পদ মন্ত্রণালয়,মো: সাইফুর রহমান,উপসচিব,২২৩৩৫৬৭৭৫,০১৭১২০০৯৮২১,admin1@mowr.gov.bd,প্রশাসন-০১ শাখা,https://objectstorage.ap-dcc-gazipur-1.oraclecloud15.com/n/axvjbnqprylg/b/V2Ministry/o/office-mowr/2026/4/9ba3ad33-1141-4439-8d88-4e681f36e8db.jpg,বিনিতা রানী,উপসচিব,৫৫১০১১৩২,০১৭১৯৫৫০৬৬৫,admin3@mowr.gov.bd,প্রশাসন-০৩ শাখা,https://objectstorage.ap-dcc-gazipur-1.oraclecloud15.com/n/axvjbnqprylg/b/V2Ministry/o/office-mowr/2026/2/e079f783-1f5b-4bb6-81df-03c28cc47d74.jpg,"ড. এ, কে, এম শাহাবুদ্দিন",সচিব,২২৩৩৫৬৭৭৩,০১৩০৯২২৮৮৯৯,secretary@mowr.gov.bd,পানি সম্পদ মন্ত্রণালয়,https://objectstorage.ap-dcc-gazipur-1.oraclecloud15.com/n/axvjbnqprylg/b/V2Ministry/o/office-mowr/2026/1/d33fda84-9aed-4cb9-b0e3-abd0eda6e2b1.jpeg,https://mowr.gov.bd/views/info-officers,2026-09-29
পানি সম্পদ মন্ত্রণালয়,পানি সম্পদ মন্ত্রণালয়,বাংলাদেশ পানি উন্নয়ন বোর্ড,,,,,,,,,,,,,,,,,,,,,,https://bwdb.portal.gov.bd/views/info-officers,2026-09-28
পানি সম্পদ মন্ত্রণালয়,পানি সম্পদ মন্ত্রণালয়,বাংলাদেশ হাওর ও জলাভূমি উন্নয়ন অধিদপ্তর,নুরজাহান খানম,উপ-পরিচালক (প্রশাসন),০২৪৪৮১৯০৯৩,০১৭১১৪৫৩৫০৯,nkhanom5@gmail.com,বাংলাদেশ হাওর ও জলাভূমি উন্নয়ন অধিদপ্তর,,,,,,,,,মো: মাশুক মিয়া,মহা পরিচালক,০২৪৪৮১৯০৭৪,,haorbd.@gmail.com,বাংলাদেশ হাওর ও জলাভূমি উন্নয়ন অধিদপ্তর,,https://dbhwd.gov.bd/views/info-officers,2026-09-30
পার্বত্য চট্টগ্রাম বিষয়ক মন্ত্রণালয়,পার্বত্য চট্টগ্রাম বিষয়ক মন্ত্রণালয়,পার্বত্য চট্টগ্রাম বিষয়ক মন্ত্রণালয়,মোহাঃ সালাহ্‌উদ্দীন,উপসচিব,,০১৭১২৯৪৪৬১২,dsdev@mochta.gov.bd,উন্নয়ন শাখা,https://objectstorage.ap-dcc-gazipur-1.oraclecloud15.com/n/axvjbnqprylg/b/V2Ministry/o/office-mochta/2024/12/92311fb493464900954aaf5b9f8d3e7b.jpeg,মোঃ জাহাঙ্গীর আলম,সহকারী সচিব,০২-৫৫১০১০০৭,+৮৮ ০১৭১৫৩৯২১১৮,,সমন্বয়-২ শাখা,https://objectstorage.ap-dcc-gazipur-1.oraclecloud15.com/n/axvjbnqprylg/b/V2Ministry/o/office-mochta/2024/12/d94eb77ac6a04fa18e961d2a0fe82d43.jpg,মোহাম্মদ মিজানুর রহমান,সচিব,০২-৫৫১০০০৩৩,,secretary@mochta.gov.bd,পার্বত্য চট্টগ্রাম বিষয়ক মন্ত্রণালয়,https://objectstorage.ap-dcc-gazipur-1.oraclecloud15.com/n/axvjbnqprylg/b/V2Ministry/o/office-mochta/2026/0/af4d51c1-0cb6-4891-989b-2b2431fe2eea.jpeg,https://mochta.gov.bd/views/info-officers,2026-09-29
প্রতিরক্ষা মন্ত্রণালয়,প্রতিরক্ষা মন্ত্রণালয়,প্রতিরক্ষা মন্ত্রণালয়,নাহিদা পারভীন (১৬৬৬১),উপসচিব,০২-৪৮১১৯৩৯৫,০১৯২২৮৯৮৮৪৩,d9@mod.gov.bd,ডি-৯ শাখা,https://objectstorage.ap-dcc-gazipur-1.oraclecloud15.com/n/axvjbnqprylg/b/V2Ministry/o/office-mod/2024/12/3abd18c5c19243259235f5ff57fac5b7.png,,,,,,,,মোঃ আশরাফ উদ্দিন,সচিব,০২-২২২২৪৮৮৬৯,,secretary@mod.gov.bd,প্রতিরক্ষা মন্ত্রণালয়,https://objectstorage.ap-dcc-gazipur-1.oraclecloud15.com/n/axvjbnqprylg/b/V2Ministry/o/office-mod/2024/12/046aebc12a354c7d96cfd551b0b385e1.png,https://mod.gov.bd/views/info-officers,2026-09-29
প্রতিরক্ষা মন্ত্রণালয়,প্রতিরক্ষা মন্ত্রণালয়,বাংলাদেশ আবহাওয়া অধিদপ্তর,,,,,,,,,,,,,,,,,,,,,,https://bmd.gov.bd/views/info-officers,2026-09-28
প্রতিরক্ষা মন্ত্রণালয়,প্রতিরক্ষা মন্ত্রণালয়,বাংলাদেশ জরিপ অধিদপ্তর,মেজর মোঃ তৌহিদুল হক হিমেল,সহকারী সার্ভেয়ার জেনারেল,০২৪১০১০৭১৩,+৮৮০১৭৪৪৭৯৮৮১৭,asg@sob.gov.bd,বাংলাদেশ জরিপ অধিদপ্তর,https://objectstorage.ap-dcc-gazipur-1.oraclecloud15.com/n/axvjbnqprylg/b/V2Ministry/o/office-sob/2026/5/c0e2bfb5-7a5b-4c3e-8de6-52d515094611.jpg,মোহাম্মদ মাসুদুর রহমান,উপ-পরিচালক (প্রশাসন) (অতিরিক্ত দায়িত্ব),+৮৮০২-৪১০১০৭১৪,+৮৮০১৯৬৬৫২১৪৭৯,dd_a@sob.gov.bd,বাংলাদেশ জরিপ অধিদপ্তর,https://objectstorage.ap-dcc-gazipur-1.oraclecloud15.com/n/axvjbnqprylg/b/V2Ministry/o/office-sob/2024/12/53354b6700b444f0a89121d9fed9bfe1.png,মোঃ আশরাফ উদ্দিন,সচিব,০২-২২২২৪৮৮৬৯,,secretary@mod.gov.bd,প্রতিরক্ষা মন্ত্রণালয়,https://objectstorage.ap-dcc-gazipur-1.oraclecloud15.com/n/axvjbnqprylg/b/V2Ministry/o/office-mod/2024/12/046aebc12a354c7d96cfd551b0b385e1.png,https://sob.gov.bd/views/info-officers,2026-09-30
প্রতিরক্ষা মন্ত্রণালয়,প্রতিরক্ষা মন্ত্রণালয়,বাংলাদেশ ন্যাশনাল ক্যাডেট কোর অধিদপ্তর,,,,,,,,,,,,,,,,,,,,,,https://bncc.portal.gov.bd/views/info-officers,2026-09-30
প্রতিরক্ষা মন্ত্রণালয়,প্রতিরক্ষা মন্ত্রণালয়,সামরিক ভূমি ও ক্যান্টনমেন্ট অধিদপ্তর,"শামীমা শরমিন, (ব্যাচ-৩০)",সহকারী পরিচালক (প্রশাসন),৮৭১৫৬৯৫,০১৭১৭১৫৭৪৮৪,adadmn@dmlc.gov.bd,সামরিক ভূমি ও ক্যান্টনমেন্ট অধিদপ্তর,https://objectstorage.ap-dcc-gazipur-1.oraclecloud15.com/n/axvjbnqprylg/b/V2Ministry/o/office-dmlc/2026/1/ede503c0-a7f9-4ca0-b54b-8f1ad410b02c.jpeg,"ফারহানা তারান্নুম মাসুদ, (ব্যাচ-২২)",সহকারী পরিচালক (শিক্ষা),৮৭১৫৬৯৭,০১৫৫২৩৭৮২৪৪,adedu@dmlc.gov.bd,সামরিক ভূমি ও ক্যান্টনমেন্ট অধিদপ্তর,https://objectstorage.ap-dcc-gazipur-1.oraclecloud15.com/n/axvjbnqprylg/b/V2Ministry/o/office-dmlc/2024/12/69e90f365e364acd9a5ea13c34c11a92.PNG,,,,,,,,https://dmlc.gov.bd/views/info-officers,2026-09-30
প্রধানমন্ত্রীর কার্যালয়,প্রধানমন্ত্রীর কার্যালয়,প্রধানমন্ত্রীর কার্যালয়,জান্নাতুল ফেরদৌস,পরিচালক-১৪,+৮৮-০২-৫৫০২৯৪৩৪,,,প্রধানমন্ত্রীর কার্যালয়,https://objectstorage.ap-dcc-gazipur-1.oraclecloud15.com/n/axvjbnqprylg/b/V2Ministry/o/office-pmo/2026/3/82020abe-4681-4e80-a9fe-b266d40e6093.jpeg,,,,,,,,,,,,,,,https://pmo.gov.bd/views/info-officers,2026-09-30
প্রধানমন্ত্রীর কার্যালয়,প্রধানমন্ত্রীর কার্যালয়,বাংলাদেশ অর্থনৈতিক অঞ্চল কর্তৃপক্ষ,,,,,,,,,,,,,,,,,,,,,,https://beza.portal.gov.bd/views/info-officers,2026-09-28
প্রবাসী কল্যাণ ও বৈদেশিক কর্মসংস্থান মন্ত্রণালয়,প্রবাসী কল্যাণ ও বৈদেশিক কর্মসংস্থান মন্ত্রণালয়,জনশক্তি কর্মসংস্থান ও প্রশিক্ষণ ব্যুরো,,,,,,,,,,,,,,,,,,,,,,https://bmet.gov.bd/views/info-officers,2026-09-28
প্রবাসী কল্যাণ ও বৈদেশিক কর্মসংস্থান মন্ত্রণালয়,প্রবাসী কল্যাণ ও বৈদেশিক কর্মসংস্থান মন্ত্রণালয়,প্রবাসী কল্যাণ ও বৈদেশিক কর্মসংস্থান মন্ত্রণালয়,ড. আনিছুর রহমান,উপসচিব,৪১০৩০২৪৯,,dsparliament@probashi.gov.bd,সংসদ ও সমন্বয় শাখা,https://objectstorage.ap-dcc-gazipur-1.oraclecloud15.com/n/axvjbnqprylg/b/V2Ministry/o/office-probashi/2025/11/43b64394-e695-4faf-9f28-f0a63f51a120.jpeg,আবু তাহের,সহকারী সচিব,৫৫১৩৮১৩৬,০১৭১৪৬৪৫১৯৩,sasenforcement@probashi.gov.bd,এনফোর্সমেন্ট-৩ শাখা,https://objectstorage.ap-dcc-gazipur-1.oraclecloud15.com/n/axvjbnqprylg/b/V2Ministry/o/office-probashi/2026/2/73b52656-3e25-4a68-87c3-73508d3718e9.jpg,মোঃ মোখতার আহমেদ,সচিব,৪১০৩০৪৪৪,,secretary@probashi.gov.bd,প্রবাসী কল্যাণ ও বৈদেশিক কর্মসংস্থান মন্ত্রণালয়,https://objectstorage.ap-dcc-gazipur-1.oraclecloud15.com/n/axvjbnqprylg/b/V2Ministry/o/office-probashi/2026/2/e287a6dc-4518-4154-8fc4-81b8f5cd91aa.jpeg,https://probashi.gov.bd/views/info-officers,2026-09-29
প্রবাসী কল্যাণ ও বৈদেশিক কর্মসংস্থান মন্ত্রণালয়,প্রবাসী কল্যাণ ও বৈদেশিক কর্মসংস্থান মন্ত্রণালয়,প্রবাসী কল্যাণ ব্যাংক,,,,,,,,,,,,,,,,,,,,,,https://pkb.gov.bd/views/info-officers,2026-09-28
প্রাথমিক ও গণশিক্ষা মন্ত্রণালয়,প্রাথমিক ও গণশিক্ষা মন্ত্রণালয়,উপানুষ্ঠানিক শিক্ষা ব্যুরো,ফরিদা ইয়াসমিন,লাইব্রেরিয়ান,+৮৮-০২-৪৮৮১১৯০১,০১৭২৬-৫৪৩৬৩৬,lib@bnfe.gov.bd,উপানুষ্ঠানিক শিক্ষা ব্যুরো,https://objectstorage.ap-dcc-gazipur-1.oraclecloud15.com/n/axvjbnqprylg/b/V2Ministry/o/office-bnfe/2024/12/7e0c9ffccf034ef380d21a45357192df.jpg,মোঃ মাহবুব আলম,সহকারী পরিচালক (মনিটরিং ও মূল্যায়ণ),+৮৮-০২-৪৮৮১১৯০২,০১৭১৭-৬৩৬৫৪৬,admoni@bnfe.gov.bd,উপানুষ্ঠানিক শিক্ষা ব্যুরো,https://objectstorage.ap-dcc-gazipur-1.oraclecloud15.com/n/axvjbnqprylg/b/V2Ministry/o/office-bnfe/2024/12/c87939f1d805460c80964b2041c2e904.jpg,জনাব ফরিদ আহাম্মদ,সচিব,+৮৮০-২-৯৫৪০৪৮৪,,scy@mopme.gov.bd,প্রাথমিক ও গণশিক্ষা মন্ত্রণালয়,https://objectstorage.ap-dcc-gazipur-1.oraclecloud15.com/n/axvjbnqprylg/b/V2Ministry/o/office-bnfe/2024/12/8c82b0cb2c5a477dbe5296757cce1da0.jpg,https://bnfe.gov.bd/views/info-officers,2026-09-29
প্রাথমিক ও গণশিক্ষা মন্ত্রণালয়,প্রাথমিক ও গণশিক্ষা মন্ত্রণালয়,প্রাথমিক ও গণশিক্ষা মন্ত্রণালয়,রওশন আরা পলি,উপসচিব (বিদ্যালয়-১),০২৫৫১০০৯৩৩,০১৭১৯৯১৪৫৩৫,school1@mopme.gov.bd,প্রাথমিক ও গণশিক্ষা মন্ত্রণালয়,https://objectstorage.ap-dcc-gazipur-1.oraclecloud15.com/n/axvjbnqprylg/b/V2Ministry/o/office-mopme/2024/12/b0831ccc20a34232add30e68b37f7f01.jpg,মোঃ শামছুল আরিফ,উপসচিব (প্রশাসন-২),+৮৮-০২২২৩৩৫১৮০১,০১৭২৬৩১০৬৬৫,admin2@mopme.gov.bd,প্রাথমিক ও গণশিক্ষা মন্ত্রণালয়,https://objectstorage.ap-dcc-gazipur-1.oraclecloud15.com/n/axvjbnqprylg/b/V2Ministry/o/office-mopme/2024/12/e606880613464a108cda22168b36d547.jpg,জেসমিন নাহার,সচিব,+৮৮-০২-৫৫১০০৪৮৪,,scy@mopme.gov.bd,প্রাথমিক ও গণশিক্ষা মন্ত্রণালয়,https://objectstorage.ap-dcc-gazipur-1.oraclecloud15.com/n/axvjbnqprylg/b/V2Ministry/o/office-mopme/2026/8/b2e68012-b6f8-480a-b912-8551e8ca04fd.jpeg,https://mopme.gov.bd/views/info-officers,2026-09-30
প্রাথমিক ও গণশিক্ষা মন্ত্রণালয়,প্রাথমিক ও গণশিক্ষা মন্ত্রণালয়,প্রাথমিক শিক্ষা অধিদপ্তর,,,,,,,,,,,,,,,,,,,,,,https://dpe.gov.bd/views/info-officers,2026-09-28
বস্ত্র ও পাট মন্ত্রণালয়,বস্ত্র ও পাট মন্ত্রণালয়,পাট অধিদপ্তর,জনাব লুৎফর রহমান সিকদার (উপ সচিব),উপপরিচালক (প্রশাসন ও অর্থ),01712640895,০১৭৪৫-৮২২৭২২,lutfar.dae1970@gmail.com,,https://objectstorage.ap-dcc-gazipur-1.oraclecloud15.com/n/axvjbnqprylg/b/V2Ministry/o/office-dgjute/2024/12/1cada1e2bf444e90b76ff9aefadf19d8.png,জনাব মুহাম্মদ শামীম আল মামুন তালুকদার,মনিটরিং এন্ড ইভ্যালুয়েশন অফিসার,,০১৭১১-৪৭৬১২৫,shamimjute12@gmail.com,,https://objectstorage.ap-dcc-gazipur-1.oraclecloud15.com/n/axvjbnqprylg/b/V2Ministry/o/office-dgjute/2024/12/0548589b4b6c435cbdab8f2ff962475f.jpg,জনাব শরফ উদ্দিন আহমদ চৌধুরী,সচিব,০২২২৩৩৫৬৫৪৪,,secretary@motj.gov.bd,বস্ত্র ও পাট মন্ত্রণালয়,https://objectstorage.ap-dcc-gazipur-1.oraclecloud15.com/n/axvjbnqprylg/b/V2Ministry/o/office-dgjute/2026/6/f2efd749-2ae8-4c93-af61-952f0188ec50.jpg,https://dgjute.gov.bd/views/info-officers,2026-09-30
বস্ত্র ও পাট মন্ত্রণালয়,বস্ত্র ও পাট মন্ত্রণালয়,বস্ত্র অধিদপ্তর,মো: ফয়সাল কবীর,সহকারী পরিচালক (কারিগরি),০২-৫৫০১৩৬২৪,০১৭৪৯২৪১৪৩৬,kabirfaisal05@gmail.com,বস্ত্র অধিদপ্তর,https://objectstorage.ap-dcc-gazipur-1.oraclecloud15.com/n/axvjbnqprylg/b/V2Ministry/o/office-dot/2024/12/c5b678c933054fa9910b7056b8bfdfcb.jpg,মোহাম্মদ মোজাম্মেল হক,সহকারী পরিচালক (জরিপ),৫৫০১১৯৬৩,০১৮১৩২৫৯৬৮৬,mojammelad@gmail.com,"বস্ত্র অধিদপ্তর, প্রধান কার্যালয়, ঢাকা।",https://objectstorage.ap-dcc-gazipur-1.oraclecloud15.com/n/axvjbnqprylg/b/V2Ministry/o/office-dot/2024/12/5b3bbd4ac4aa49cd89a8937a226a844f.jpg,জনাব শরফ উদ্দিন আহমদ চৌধুরী,সচিব,০২২২৩৩৫৬৫৪৪,,secretary@motj.gov.bd,বস্ত্র ও পাট মন্ত্রণালয়,https://objectstorage.ap-dcc-gazipur-1.oraclecloud15.com/n/axvjbnqprylg/b/V2Ministry/o/office-motj/2026/5/9cea441c-0401-4967-b3b9-a8776eb456c4.jpg,https://dot.gov.bd/views/info-officers,2026-09-30
বস্ত্র ও পাট মন্ত্রণালয়,বস্ত্র ও পাট মন্ত্রণালয়,বস্ত্র ও পাট মন্ত্রণালয়,"জনাব রায়না আহমদ (পরিচিতি নং - ৬৮২৪, ২০তম ব্যাচ)",অতিরিক্ত সচিব (প্রশাসন) এবং [Reform Management & Policy Research (RM & PR) Unit- এর অতিরিক্ত দায়িত্ব],০২-২২৩৩৮২৪০৮,০১৭১১-৩৯৪৯৭৯,add_sec_admin@motj.gov.bd,বস্ত্র ও পাট মন্ত্রণালয়,https://objectstorage.ap-dcc-gazipur-1.oraclecloud15.com/n/axvjbnqprylg/b/V2Ministry/o/office-motj/2024/12/07db06d1e2844d8abfd19e3d022edb19.png,"মোঃ জিল্লুর রহমান (পরিচিতি নং-৮১৭৮, ২১তম ব্যাচ)",উপসচিব (প্রশাসন-১ শাখা),০২৫৫১০০৪৭৭,০১৭১৬-৬৭২৪৩৫,admin1@motj.gov.bd,বস্ত্র ও পাট মন্ত্রণালয়,https://objectstorage.ap-dcc-gazipur-1.oraclecloud15.com/n/axvjbnqprylg/b/V2Ministry/o/office-motj/2024/12/b7504b7bb7d1446f8e5a9a43ded68058.jpg,জনাব শরফ উদ্দিন আহমদ চৌধুরী,সচিব,০২২২৩৩৫৬৫৪৪,,secretary@motj.gov.bd,বস্ত্র ও পাট মন্ত্রণালয়,https://objectstorage.ap-dcc-gazipur-1.oraclecloud15.com/n/axvjbnqprylg/b/V2Ministry/o/office-motj/2026/5/9cea441c-0401-4967-b3b9-a8776eb456c4.jpg,https://motj.gov.bd/views/info-officers,2026-09-29
বাণিজ্য মন্ত্রণালয়,বাণিজ্য মন্ত্রণালয়,জাতীয় ভোক্তা-অধিকার সংরক্ষণ অধিদপ্তর,সেবাষ্টিন রেমা,"পরিচালক (যুগ্মসচিব), প্রশাসন ও অর্থ বিভাগ",+৮৮০২৫৫০১৩২১০,+৮৮০১৭১১৭৮৪৮৫২,dir-admin@dncrp.gov.bd,জাতীয় ভোক্তা-অধিকার সংরক্ষণ অধিদপ্তর,https://objectstorage.ap-dcc-gazipur-1.oraclecloud15.com/n/axvjbnqprylg/b/V2Ministry/o/office-dncrp/2026/1/8fc532c9-f310-4a0d-9d3e-93cdf63f481f.jpg,শারমিন জাহান লুনা,"উপপরিচালক (সিনিয়র সহকারী সচিব), প্রশাসন ও অর্থ উপবিভাগ",+৮৮০২৫৫০১৩৮৭৪,+৮৮০,dd-admin@dncrp.gov.bd,জাতীয় ভোক্তা-অধিকার সংরক্ষণ অধিদপ্তর,https://objectstorage.ap-dcc-gazipur-1.oraclecloud15.com/n/axvjbnqprylg/b/V2Ministry/o/office-dncrp/2026/3/b21d5b2e-1c71-4eb0-8983-4791f56e8de5.jpeg,মোঃ আতাউর রহমান খান এনডিসি (২০৩৪৪),সচিব,+৮৮-০২-৫৫১০১০০৬,+৮৮০১৭১৪০৫১৪০১,secy@mincom.gov.bd,বাণিজ্য মন্ত্রণালয়,https://objectstorage.ap-dcc-gazipur-1.oraclecloud15.com/n/axvjbnqprylg/b/V2Ministry/o/office-mincom/2026/8/6c68701a-ed86-45c4-be3c-ab2ddbc27178.jpg,https://dncrp.gov.bd/views/info-officers,2026-09-29
বাণিজ্য মন্ত্রণালয়,বাণিজ্য মন্ত্রণালয়,ট্রেডিং কর্পোরেশন অব বাংলাদেশ (টিসিবি),মোঃ শাহাদত হোসেন,উপ পরিচালক (বাণিজ্যিক),৫৫০১৩৩০৩,+৮৮০১৫২১-৫৮৫৪১৪,tcbdseimp@tcb.gov.bd,"ট্রেডিং কর্পোরেশন অব বাংলাদেশ, প্রধান কার্যালয়, ঢাকা।",https://objectstorage.ap-dcc-gazipur-1.oraclecloud15.com/n/axvjbnqprylg/b/V2Ministry/o/office-tcb/2024/12/068e9317b7484de884b505b7423facde.jpg,মোনালিসা পারভীন,উপ পরিচালক (অর্থ ও হিসাব অধিশাখা-১),,+৮৮০১৩০৩০৭০৮২৩,tcbfin@tcb.gov.bd,"ট্রেডিং কর্পোরেশন অব বাংলাদেশ, প্রধান কার্যালয়, ঢাকা।",https://objectstorage.ap-dcc-gazipur-1.oraclecloud15.com/n/axvjbnqprylg/b/V2Ministry/o/office-tcb/2024/12/f05e0b63b24f42979e13c9e6364012a4.jpg,,,,,,,,https://tcb.gov.bd/views/info-officers,2026-09-29
বাণিজ্য মন্ত্রণালয়,বাণিজ্য মন্ত্রণালয়,বাংলাদেশ প্রতিযোগিতা কমিশন,মাহবুবুর রহমান খান,সচিব (উপসচিব),০২-৫৮৩১৫৪৮৫,০১৭১১৯৪৫৭৯৭,secretary@ccb.gov.bd,"রেড ক্রিসেন্ট বোরাক টাওয়ার(লেভেল-৪) ৩৭/৩/এ, পুরাতন এলিফ্যান্ট রোড (ইস্কাটন গার্ডেন) , রমনা ঢাকা-১০০০, বাংলাদেশ । রমনা, ঢাকা।",https://objectstorage.ap-dcc-gazipur-1.oraclecloud15.com/n/axvjbnqprylg/b/V2Ministry/o/office-ccb/2024/12/f9a2776261304ddca764e42924fe68dd.jpg,এস. এম. তারিকুজ্জামান,উপপরিচালক (উপসচিব),+৮৮০২-৫৫১৩৮৫৫১,+৮৮০১৭১২৭৫১৭৮৩,sm_tarikuzzaman@yahoo.com,"রেড ক্রিসেন্ট বোরাক টাওয়ার(লেভেল-৪) ৩৭/৩/এ, পুরাতন এলিফ্যান্ট রোড (ইস্কাটন গার্ডেন) , রমনা ঢাকা-১০০০, বাংলাদেশ । রমনা, ঢাকা।",https://objectstorage.ap-dcc-gazipur-1.oraclecloud15.com/n/axvjbnqprylg/b/V2Ministry/o/office-ccb/2024/12/8c910ef4111640aa9a960de00baf2c01.jpg,এ এইচ এম আহসান,চেয়ারপার্সন,০২-৫৮৩১৩৬১০(PA),০১৮৮-৬৬৭৬৫৭৩,chairperson@ccb.gov.bd,"রেড ক্রিসেন্ট বোরাক টাওয়ার(লেভেল-৪) ৩৭/৩/এ, পুরাতন এলিফ্যান্ট রোড (ইস্কাটন গার্ডেন) , রমনা ঢাকা-১০০০, বাংলাদেশ ।",https://objectstorage.ap-dcc-gazipur-1.oraclecloud15.com/n/axvjbnqprylg/b/V2Ministry/o/office-ccb/2024/12/6bff0fc620a0415a9c3f07a61636cb23.jpg,https://ccb.gov.bd/views/info-officers,2026-09-29
বাণিজ্য মন্ত্রণালয়,বাণিজ্য মন্ত্রণালয়,বাণিজ্য মন্ত্রণালয়,শাম্মী ইসলাম (১৬৫২৮),উপসচিব (আইন শাখা),,+৮৮০১৭৬৬-২৬৭৪৮৫,,প্রশাসন অনুবিভাগ,https://objectstorage.ap-dcc-gazipur-1.oraclecloud15.com/n/axvjbnqprylg/b/V2Ministry/o/office-mincom/2026/6/8d0dcef1-efee-4c7a-9a8a-cb4ce22598bb.jpg,,,,,,,,,,,,,,,https://mincom.gov.bd/views/info-officers,2026-09-29
বাণিজ্য মন্ত্রণালয়,বাণিজ্য মন্ত্রণালয়,রপ্তানি উন্নয়ন ব্যুরো,মোঃ নাহিদুর রহমান(১৮১৭৮),উপ-পরিচালক (সিনিয়র সহকারী সচিব)_প্রশাসন,৫৫০১৩২৭৮,০১৭১৬-৯৭৩১৭০,dd-admin@epb.gov.bd,রপ্তানি উন্নয়ন ব্যুরো,https://objectstorage.ap-dcc-gazipur-1.oraclecloud15.com/n/axvjbnqprylg/b/V2Ministry/o/office-epb/2024/12/624a7aa9e38543139e3c1bba0a8ec8b0.jpg,মোঃ মিজানুর রহমান,উপপরিচালক (তথ্য বিভাগ),৫৫০১৪৩৬৮,০১৭১২৫১৮০৮৯,mizan_epb@yahoo.com,রপ্তানি উন্নয়ন ব্যুরো,https://objectstorage.ap-dcc-gazipur-1.oraclecloud15.com/n/axvjbnqprylg/b/V2Ministry/o/office-epb/2024/12/c47c870e840a4ab68057c648390b8945.jpg,মোঃ আতাউর রহমান খান এনডিসি (২০৩৪৪),সচিব,+৮৮-০২-৫৫১০১০০৬,+৮৮০১৭১৪০৫১৪০১,secy@mincom.gov.bd,বাণিজ্য মন্ত্রণালয়,https://objectstorage.ap-dcc-gazipur-1.oraclecloud15.com/n/axvjbnqprylg/b/V2Ministry/o/office-mincom/2026/8/6c68701a-ed86-45c4-be3c-ab2ddbc27178.jpg,https://epb.gov.bd/views/info-officers,2026-09-29
বিজ্ঞান ও প্রযুক্তি মন্ত্রণালয়,বিজ্ঞান ও প্রযুক্তি মন্ত্রণালয়,বাংলাদেশ পরমাণু শক্তি কমিশন,,,,,,,,,,,,,,,,,,,,,,https://baec.gov.bd/views/info-officers,2026-09-28
বিজ্ঞান ও প্রযুক্তি মন্ত্রণালয়,বিজ্ঞান ও প্রযুক্তি মন্ত্রণালয়,বিজ্ঞান ও প্রযুক্তি মন্ত্রণালয়,মুন্না রাণী বিশ্বাস,"উপসচিব (প্রশাসন-২ শাখা, সমন্বয় ও প্রতিবেদন)",,০১৭১৬-৪০২৪০৯,admin2@most.gov.bd,বিজ্ঞান ও প্রযুক্তি মন্ত্রণালয়,https://objectstorage.ap-dcc-gazipur-1.oraclecloud15.com/n/axvjbnqprylg/b/V2Ministry/o/office-most/2026/6/134f4977-c868-4804-9f7c-3884494a435c.jpeg,হাসিনা আক্তার,সিনিয়র সহকারী সচিব (প্রশাসন-৬ শাখা),,০১৭১০-৯৫৭০৬০,admin6@most.gov.bd,বিজ্ঞান ও প্রযুক্তি মন্ত্রণালয়,https://objectstorage.ap-dcc-gazipur-1.oraclecloud15.com/n/axvjbnqprylg/b/V2Ministry/o/office-most/2024/12/f4d89117164c48ed8e9f9535de8691b6.jpeg,মোঃ আনোয়ার হোসেন,সচিব,+৮৮-০২-৫৫১০০১৪৪,+৮৮০১৩৩২৮০৯০৯৪,secretary@most.gov.bd,বিজ্ঞান ও প্রযুক্তি মন্ত্রণালয়,https://objectstorage.ap-dcc-gazipur-1.oraclecloud15.com/n/axvjbnqprylg/b/V2Ministry/o/office-most/2024/12/1974f4e796df422ab52f868135835555.jpeg,https://most.gov.bd/views/info-officers,2026-09-29
"বিদ্যুৎ, জ্বালানি ও খনিজ সম্পদ মন্ত্রণালয়",জ্বালানি ও খনিজ সম্পদ বিভাগ,জ্বালানি ও খনিজ সম্পদ বিভাগ,মোঃ আব্দুস সামাদ (১৫৬৮৩),যুগ্মসচিব (প্রশাসন-১ অধিশাখা),২২৩৩৮৯০৫৮,০১৭১৬২৪৪৫৪৬,jsadmin1@emrd.gov.bd,জ্বালানি ও খনিজ সম্পদ বিভাগ,https://objectstorage.ap-dcc-gazipur-1.oraclecloud15.com/n/axvjbnqprylg/b/V2Ministry/o/office-emrd/2026/5/eb0c84b4-a3ab-4d80-a919-51a9540be2e7.png,মোছা: লায়লাতুন ফেরদৌস (১৫৪৬৬),যুগ্মসচিব (কোম্পানি অ্যাফেয়ার্স-১ অধিশাখা),+৮৮০২-৫৫১০০৬৮৪,+৮৮০১৬৮২১৬৯৮৩৪,coabr1@emrd.gov.bd,জ্বালানি ও খনিজ সম্পদ বিভাগ,https://objectstorage.ap-dcc-gazipur-1.oraclecloud15.com/n/axvjbnqprylg/b/V2Ministry/o/office-emrd/2024/12/26dbb2fc35bc426296526959a7d72846.png,মোঃ জিয়াউল হক,সচিব,+০৮৮০২-৯৫১৪৯৩৩,+৮৮০১৩২১২২৪৮০০,secretary@emrd.gov.bd,জ্বালানি ও খনিজ সম্পদ বিভাগ,https://objectstorage.ap-dcc-gazipur-1.oraclecloud15.com/n/axvjbnqprylg/b/V2Ministry/o/office-emrd/2026/7/deabc9bc-16d1-436f-a0e5-673264adcecf.jpeg,https://emrd.gov.bd/views/info-officers,2026-09-29
"বিদ্যুৎ, জ্বালানি ও খনিজ সম্পদ মন্ত্রণালয়",জ্বালানি ও খনিজ সম্পদ বিভাগ,বাংলাদেশ এনার্জি রেগুলেটরি কমিশন,জনাব মোঃ আব্দুল্লাহ আল মামুন,সহকারী পরিচালক (প্রটোকল),,০১৭৭১৫৮৭৯০৯,berc.mamun@gmail.com,বাংলাদেশ এনার্জি রেগুলেটরী কমিশন,https://objectstorage.ap-dcc-gazipur-1.oraclecloud15.com/n/axvjbnqprylg/b/V2Ministry/o/office-berc/2024/12/32befa52f7f54807930f78a74b423a77.jpg,জনাব বেলায়েত হোসেন,সহকারী পরিচালক (প্রশাসন),,০১৭৮৩-৩৫৭০১৯,adadmin@berc.org.bd,বাংলাদেশ এনার্জি রেগুলেটরী কমিশন,https://objectstorage.ap-dcc-gazipur-1.oraclecloud15.com/n/axvjbnqprylg/b/V2Ministry/o/office-berc/2024/12/4b77d07a1c094c19b737f5f85bce8b63.jpg,,,,,,,,https://berc.org.bd/views/info-officers,2026-09-29
"বিদ্যুৎ, জ্বালানি ও খনিজ সম্পদ মন্ত্রণালয়",জ্বালানি ও খনিজ সম্পদ বিভাগ,বাংলাদেশ তেল গ্যাস ও খনিজসম্পদ কর্পোরেশন (পেট্রোবাংলা),তারিকুল ইসলাম খান,উপ-মহাব্যবস্থাপক (জনসংযোগ),+৮৮০২৫৫০১৪১১১,+৮৮০১৩৩৫০৭৯৯৫৫,prd@petrobangla.org.bd,পেট্রোবাংলা,https://objectstorage.ap-dcc-gazipur-1.oraclecloud15.com/n/axvjbnqprylg/b/V2Ministry/o/office-petrobangla/2024/12/c70d54b8333744bbb4743d2899262169.jpeg,মোহাম্মদ রবিউল আউয়াল খান,মহাব্যবস্থাপক (ডেভেলপমেন্ট এ্যান্ড প্রডাকশন),,+৮৮০১৭৫২৫২৯১৭১,gmdpd@petrobangla.org.bd,পেট্রোবাংলা,https://objectstorage.ap-dcc-gazipur-1.oraclecloud15.com/n/axvjbnqprylg/b/V2Ministry/o/office-petrobangla/2024/12/12d4b8e3e5ed453aa009bd45f9c16ce2.jpeg,মোঃ জিয়াউল হক,সচিব,+০৮৮০২-৯৫১৪৯৩৩,+৮৮০১৩২১২২৪৮০০,secretary@emrd.gov.bd,জ্বালানি ও খনিজ সম্পদ বিভাগ,https://objectstorage.ap-dcc-gazipur-1.oraclecloud15.com/n/axvjbnqprylg/b/V2Ministry/o/office-emrd/2026/7/deabc9bc-16d1-436f-a0e5-673264adcecf.jpeg,https://petrobangla.org.bd/views/info-officers,2026-09-29
"বিদ্যুৎ, জ্বালানি ও খনিজ সম্পদ মন্ত্রণালয়",জ্বালানি ও খনিজ সম্পদ বিভাগ,বাংলাদেশ পেট্রোলিয়াম কর্পোরেশন,শাহিনা সুলতানা,সচিব (উপসচিব),+৮৮০২৩৩৩৩১৬৪১৩,০১৭৫৫-৫৮৭৬২৪,secretary@bpc.gov.bd,বাংলাদেশ পেট্রোলিয়াম কর্পোরেশন,https://objectstorage.ap-dcc-gazipur-1.oraclecloud15.com/n/axvjbnqprylg/b/V2Ministry/o/office-bpc/2024/12/ac834aeef76f4668a5a9a2c64f972d7f.jpeg,ফারজিন হাসান মৌমিতা,সহকারী ব্যবস্থাপক (এমআইএস),,০১৯৯১৯৫১৮০৭,am_mis@bpc.gov.bd,বাংলাদেশ পেট্রোলিয়াম কর্পোরেশন,https://objectstorage.ap-dcc-gazipur-1.oraclecloud15.com/n/axvjbnqprylg/b/V2Ministry/o/office-bpc/2024/12/47ba0966bf944f7bb34173b20d11a2ac.jpg,মোঃ জিয়াউল হক,সচিব,+০৮৮০২-৯৫১৪৯৩৩,+৮৮০১৩২১২২৪৮০০,secretary@emrd.gov.bd,জ্বালানি ও খনিজ সম্পদ বিভাগ,https://objectstorage.ap-dcc-gazipur-1.oraclecloud15.com/n/axvjbnqprylg/b/V2Ministry/o/office-emrd/2026/7/deabc9bc-16d1-436f-a0e5-673264adcecf.jpeg,https://bpc.gov.bd/views/info-officers,2026-09-29
"বিদ্যুৎ, জ্বালানি ও খনিজ সম্পদ মন্ত্রণালয়",জ্বালানি ও খনিজ সম্পদ বিভাগ,বাংলাদেশ ভূতাত্ত্বিক জরিপ অধিদপ্তর,নাসিমা বেগম,পরিচালক (ভূতত্ত্ব) ও শাখা প্রধান (অপারেশন ও সমন্বয়),০২৫৫১৩০৬৩৯,০১৫৫২৩১৪৪১৬,nasima.begum@gsb.gov.bd,"কক্ষ নং- ২৩১ (দ্বিতীয় তলা), বাংলাদেশ ভূতাত্ত্বিক অধিদপ্তর, ১৫৩ পাইওনিয়ার রোড, সেগুনবাগিচা, ঢাকা-১০০০।",https://objectstorage.ap-dcc-gazipur-1.oraclecloud15.com/n/axvjbnqprylg/b/V2Ministry/o/office-gsb/2024/12/bf163e2a4e7e4647852187b3c98ff98e.jpg,মোহাম্মদ আলমগীর কবীর,"উপ-পরিচালক (ভূতত্ত্ব), অপারেশন ও সমন্বয় শাখা",০২-৪৯৩৪৯৫০২,+৮৮০১৭১৬৩২৫৮৩২,alamgir.kabir@gsb.gov.bd,"কক্ষ নং- ৪১৯ (চতুর্থ তলা), বাংলাদেশ ভূতাত্ত্বিক অধিদপ্তর, ১৫৩ পাইওনিয়ার রোড, সেগুনবাগিচা, ঢাকা-১০০০।",https://objectstorage.ap-dcc-gazipur-1.oraclecloud15.com/n/axvjbnqprylg/b/V2Ministry/o/office-gsb/2024/12/b9bd3a319ec24980bb24791ea12d5797.jpg,মোহাম্মদ সাইফুল ইসলাম,সচিব,+০৮৮০২-৯৫১৪৯৩৩,০১৮১৮৩২৭০২৪,secretary@emrd.gov.bd,"ভবন নং-০৬, জ্বালানি ও খনিজ সম্পদ বিভাগ, বাংলাদেশ সচিবালয়, ঢাকা-১০০০।",https://objectstorage.ap-dcc-gazipur-1.oraclecloud15.com/n/axvjbnqprylg/b/V2Ministry/o/office-gsb/2024/12/41a92cf2dac8404799ff1d273d8ab684.jpg,https://gsb.gov.bd/views/info-officers,2026-09-30
"বিদ্যুৎ, জ্বালানি ও খনিজ সম্পদ মন্ত্রণালয়",বিদ্যুৎ বিভাগ,ওয়েস্ট জোন পাওয়ার ডিস্ট্রিবিউশন কোম্পানি লি.,মোঃ মাহবুবুর রহমান,সহকারী ব্যবস্থাপক (জনসংযোগ),,০১৩১৪৪৯০৮৫২,wzpdcl.pr@gmail.com,মানব সম্পদ ও এডমিন এর দপ্তর,https://objectstorage.ap-dcc-gazipur-1.oraclecloud15.com/n/axvjbnqprylg/b/V2Ministry/o/office-wzpdcl/2024/12/03631d11ffcc4dd6b57dc303c60b21ca.jpg,মোহাম্মদ আলী,উপ-ব্যবস্থাপক (প্রশাসন),,০১৯১২৯৫২১৯৯,hrnadmin@wzpdcl.gov.bd,"প্রশাসন শাখা, ওজোপাডিকো",https://objectstorage.ap-dcc-gazipur-1.oraclecloud15.com/n/axvjbnqprylg/b/V2Ministry/o/office-wzpdcl/2024/12/ca17206eef8b4ebab02bd785f81b564e.jpg,,,,,,,,https://wzpdcl.gov.bd/views/info-officers,2026-09-29
"বিদ্যুৎ, জ্বালানি ও খনিজ সম্পদ মন্ত্রণালয়",বিদ্যুৎ বিভাগ,ঢাকা ইলেকট্রিসিটি সাপ্লাই পিএলসি (ডেসকো),,,,,,,,,,,,,,,,,,,,,,https://desco.gov.bd/views/info-officers,2026-09-28
"বিদ্যুৎ, জ্বালানি ও খনিজ সম্পদ মন্ত্রণালয়",বিদ্যুৎ বিভাগ,ঢাকা পাওয়ার ডিস্ট্রিবিউশন কোম্পানি লিমিটেড (ডিপিডিসি),মোহাঃ মনিরুজ্জামান,উপ-মহাব্যবস্থাপক,+৮৮০২৯৫১৪৯৪৯,০১৭৩০৩৩৫১৩১,moniruzzaman@dpdc.gov.bd,"১, আব্দুল গণি রোড, ঢাকা-1000",,,,,,,,,হাবিবুন নাহার,ব্যবস্থাপনা পরিচালক (অতিরিক্ত দায়িত্ব),০২২২৩৩৮৩৫২০,,md@dpdc.gov.bd,"১, আব্দুল গণি রোড, ঢাকা-1000",,https://dpdc.gov.bd/views/info-officers,2026-09-29
"বিদ্যুৎ, জ্বালানি ও খনিজ সম্পদ মন্ত্রণালয়",বিদ্যুৎ বিভাগ,নর্দান ইলেকট্রিসিটি সাপ্লাই পিএলসি,মোঃ তাজুল ইসলাম,উপ-ব্যবস্থাপক,,০১৯২০-৩২৪৪৩৫,tajul.islam@nesco.gov.bd,কোম্পানি সচিবালয়,https://objectstorage.ap-dcc-gazipur-1.oraclecloud15.com/n/axvjbnqprylg/b/V2Ministry/o/office-nesco/2024/12/f848325ee567411c8614ed254358c522.jpg,মোঃ মেহেদী হাসান,ব্যবস্থাপক (প্রশাসন ও জনসংযোগ),,০১৭০৯-৯৯৬৭৪৭,mehedi.hasan@nesco.gov.bd,উপ-মহাব্যবস্থাপক (প্রশাসন ও মানব সম্পদ উন্নয়ন) এর দপ্তর,https://objectstorage.ap-dcc-gazipur-1.oraclecloud15.com/n/axvjbnqprylg/b/V2Ministry/o/office-nesco/2024/12/a57258fb78414c5385ce0daf48b6680a.jpg,মোঃ মশিউর রহমান,"ব্যবস্থাপনা পরিচালক, নেসকো",,০১৭১৩৮৫০৭৭০,md@nesco.gov.bd,"প্রধান কার্যালয়, বিদ্যুৎ ভবন, রাজশাহী",https://objectstorage.ap-dcc-gazipur-1.oraclecloud15.com/n/axvjbnqprylg/b/V2Ministry/o/office-nesco/2024/12/5c37b315ac9f4ba29dcd638e913c4ca7.jpg,https://nesco.gov.bd/views/info-officers,2026-09-29
"বিদ্যুৎ, জ্বালানি ও খনিজ সম্পদ মন্ত্রণালয়",বিদ্যুৎ বিভাগ,পাওয়ার গ্রিড বাংলাদেশ পিএলসি,এ বি এম বদরুদ্দোজা খান,উপ-ব্যবস্থাপক,০২২২৬৬০০৯৩৬-৯ EXT ১২৫,+৮৮ ০১৭৮৭৬৮০৫৪০,dm1.cs@pgcb.gov.bd,"২য় তলা, গ্রিড ভবন, এভিনিউ-৩, জহুরুল ইসলাম সিটি, আফতাবনগর, বাড্ডা, ঢাকা-১২১২",https://objectstorage.ap-dcc-gazipur-1.oraclecloud15.com/n/axvjbnqprylg/b/V2Ministry/o/office-pgcb/2024/12/c17fdecd326c43478e66c7d3a474bb31.jpg,মোঃ আনিছুর রহমান,উপ-বিভাগীয় প্রকৌশলী,০২২২৬৬০০৯৩৬-৯,+৮৮ ০১৭৩০০২৯৩৬৬,anis.ict.pgcb@gmail.com,"৮ম তলা, গ্রিড ভবন, এভিনিউ-৩, জহুরুল ইসলাম সিটি, আফতাবনগর, বাড্ডা, ঢাকা-১২১২",https://objectstorage.ap-dcc-gazipur-1.oraclecloud15.com/n/axvjbnqprylg/b/V2Ministry/o/office-pgcb/2024/12/30be5e611f704e6ab972d45ec38dce5e.jpg,আবদুর রশিদ খান,ব্যবস্থাপনা পরিচালক,০২২২৬৬০০৯২৬,+৮৮ ০১৭১৪০৪৮০৩৫,md@pgcb.gov.bd,"২য় তলা, গ্রিড ভবন, এভিনিউ-৩, জহুরুল ইসলাম সিটি, আফতাবনগর, বাড্ডা, ঢাকা-১২১২",https://objectstorage.ap-dcc-gazipur-1.oraclecloud15.com/n/axvjbnqprylg/b/V2Ministry/o/office-pgcb/2024/12/cbdb6fa63c614bb69cfce2b019a0e613.jpg,https://pgcb.gov.bd/views/info-officers,2026-09-29
"বিদ্যুৎ, জ্বালানি ও খনিজ সম্পদ মন্ত্রণালয়",বিদ্যুৎ বিভাগ,বাংলাদেশ পল্লী বিদ্যুতায়ন বোর্ড,জনাব সাকিলা খন্দকার,পরিচালক(প্রশাসন),০২-৮৯০০৩১৭,০১৯১২৬৭৭০২৯,prdreb@gmail.com,"জনসংযোগ পরিদপ্তর, বাংলাদেশ পল্লী বিদ্যুতায়ন বোর্ড",,জনাব মোঃ শাহ আলম,উপ-পরিচালক,০২-৮৯০০৩১৭,০১৭১৬৯৮১৩৩৬,prbreb@gmail.com,"জনসংযোগ পরিদপ্তর, বাংলাদেশ পল্লী বিদ্যুতায়ন বোর্ড",,জনাব মিরানা মাহরুখ,সচিব,০২-৯৫১১০৩০,+৮৮০১৩২৯৭০২৪২৩,secy@pd.gov.bd,বিদ্যুৎ বিভাগ,,https://reb.gov.bd/views/info-officers,2026-09-29
"বিদ্যুৎ, জ্বালানি ও খনিজ সম্পদ মন্ত্রণালয়",বিদ্যুৎ বিভাগ,বাংলাদেশ বিদ্যুৎ উন্নয়ন বোর্ড,,,,,,,,,,,,,,,,,,,,,,https://bpdb.gov.bd/views/info-officers,2026-09-28
"বিদ্যুৎ, জ্বালানি ও খনিজ সম্পদ মন্ত্রণালয়",বিদ্যুৎ বিভাগ,বিদ্যুৎ বিভাগ,জনাব মোঃ মামুন ভূইয়া,উপসচিব (বাজেট শাখা),০২-৪৭১২০৯১৫,+৮৮০১৭১৩৮৬৩৫৬৯,dsbudget@pd.gov.bd,,,জনাব মুহম্মদ আনোয়ার হোসেন,উপসচিব (সমন্বয়-৩ শাখা),০২-৪৭১২০৪৮২,+৮৮০১৭১১১৯৯৬৯৫,coord-3@pd.gov.bd,,,জনাব মিরানা মাহরুখ,সচিব,০২-৯৫১১০৩০,+৮৮০১৩২৯৭০২৪২৩,secy@pd.gov.bd,"ভবনঃ ০৬, বিদ্যুৎ বিভাগ, বাংলাদেশ সচিবালয়, ঢাকা-১০০০, বাংলাদেশ।",,https://powerdivision.gov.bd/views/info-officers,2026-09-29
"বিদ্যুৎ, জ্বালানি ও খনিজ সম্পদ মন্ত্রণালয়","বিদ্যুৎ, জ্বালানি ও খনিজ সম্পদ মন্ত্রণালয়","বিদ্যুৎ, জ্বালানি ও খনিজ সম্পদ মন্ত্রণালয়",,,,,,,,,,,,,,,,,,,,,,https://poweren.portal.gov.bd/views/info-officers,2026-09-28
বেসামরিক বিমান পরিবহন ও পর্যটন মন্ত্রণালয়,বেসামরিক বিমান পরিবহন ও পর্যটন মন্ত্রণালয়,বাংলাদেশ বেসামরিক বিমান চলাচল কর্তৃপক্ষ,মুহাম্মাদ কাউছার মাহমুদ,সহকারী পরিচালক (জনসংযোগ),+৮৮০ ২-৪১০৯১১১৪,০১৮৯৪৯০০০০৪,mahmud.pr@caab.gov.bd,"বেসামরিক বিমান চলাচল কর্তৃপক্ষ, সদরদপ্তর, কুর্মিটোলা, ঢাকা-১২২৯।",https://objectstorage.ap-dcc-gazipur-1.oraclecloud15.com/n/axvjbnqprylg/b/V2Ministry/o/office-caab/2024/12/baf2dcd77dec4d80b3362e47bc35605a.JPG,মোঃ নিজাম উদ্দিন,"চেয়ারম্যানের একান্ত সচিব,সহকারী পরিচালক (মানব সম্পদ উন্নয়ন)",+৮৮০২ ৪১০৯১১১৩,০১৮৯৪৯০০০০৩,nuadhr@caab.gov.bd,"বেসামরিক বিমান চলাচল কর্তৃপক্ষ, সদর দপ্তর, কুর্মিটোলা, ঢাকা-১২২৯।",https://objectstorage.ap-dcc-gazipur-1.oraclecloud15.com/n/axvjbnqprylg/b/V2Ministry/o/office-caab/2024/12/1a85090d07f8408eb71c9af897dbd78c.jpg,"ফাহমিদা আখতার, এনডিসি",সচিব,০২-৯৫১৪৮৮৪,,secretary@mocat.gov.bd,সচিবের দপ্তর,https://objectstorage.ap-dcc-gazipur-1.oraclecloud15.com/n/axvjbnqprylg/b/V2Ministry/o/office-mocat/2026/3/45559438-1e51-4968-b168-67239d095706.jpeg,https://caab.gov.bd/views/info-officers,2026-09-29
বেসামরিক বিমান পরিবহন ও পর্যটন মন্ত্রণালয়,বেসামরিক বিমান পরিবহন ও পর্যটন মন্ত্রণালয়,বিমান বাংলাদেশ এয়ারলাইন্স,মহিউদ্দিন আহমেদ,"মহাব্যবস্থাপক, জনসংযোগ বিভাগ (অতিরিক্ত দায়িত্ব)",+৮৮-০২-৪১০৯০৮৬৬,+৮৮-০১৭৭৭৭১৫৫১১,gmpr@biman.gov.bd,"প্রধান কার্যালয়, বলাকা, কুর্মিটোলা, ঢাকা-১২২৯",https://objectstorage.ap-dcc-gazipur-1.oraclecloud15.com/n/axvjbnqprylg/b/V2Ministry/o/office-biman-airlines/2026/7/46db2f13-5704-4f97-b07f-08074bc33afa.jpeg,আনন্দ সান্যাল,"ব্যবস্থাপক, জনসংযোগ",+৮৮-০২-৪১০৯০৮৯১,০১৬১৩০৩৫৩৩৬,mgrpr@biman.gov.bd,"প্রধান কার্যালয়, বলাকা, কুর্মিটোলা, ঢাকা-১২২৯",https://objectstorage.ap-dcc-gazipur-1.oraclecloud15.com/n/axvjbnqprylg/b/V2Ministry/o/office-biman-airlines/2024/12/90432df468db401cbd45169bac86f2ec.jpg,"ফাহমিদা আখতার, এনডিসি",সচিব,০২-৯৫১৪৮৮৪,,secretary@mocat.gov.bd,সচিবের দপ্তর,https://objectstorage.ap-dcc-gazipur-1.oraclecloud15.com/n/axvjbnqprylg/b/V2Ministry/o/office-mocat/2026/3/45559438-1e51-4968-b168-67239d095706.jpeg,https://biman.gov.bd/views/info-officers,2026-09-29
বেসামরিক বিমান পরিবহন ও পর্যটন মন্ত্রণালয়,বেসামরিক বিমান পরিবহন ও পর্যটন মন্ত্রণালয়,বেসামরিক বিমান পরিবহন ও পর্যটন মন্ত্রণালয়,ড. প্রকাশ কান্তি চৌধুরী,যুগ্মসচিব,০২২২৩৩৮৮৪০৪,০১৭১১১৪৬৫৩৫,jstourism1@mocat.gov.bd,পর্যটন-১ অধিশাখা [অতিরিক্ত দায়িত্ব],https://objectstorage.ap-dcc-gazipur-1.oraclecloud15.com/n/axvjbnqprylg/b/V2Ministry/o/office-mocat/2025/11/7470535f-de4d-4b5e-a54f-d27b2375fc9d.jpeg,মোঃ মেহেদী হাসান,প্রোগ্রামার,০২-৫৫১০১০২৪,০১৭১৪০৫৫১৯৫,mehedi@mocat.gov.bd,আইসিটি সেল,https://objectstorage.ap-dcc-gazipur-1.oraclecloud15.com/n/axvjbnqprylg/b/V2Ministry/o/office-mocat/2024/12/990c946275f54cd58d30ad5a9f9b25b5.jpg,"ফাহমিদা আখতার, এনডিসি",সচিব,০২-৯৫১৪৮৮৪,,secretary@mocat.gov.bd,সচিবের দপ্তর,https://objectstorage.ap-dcc-gazipur-1.oraclecloud15.com/n/axvjbnqprylg/b/V2Ministry/o/office-mocat/2026/3/45559438-1e51-4968-b168-67239d095706.jpeg,https://mocat.gov.bd/views/info-officers,2026-09-29
ভূমি মন্ত্রণালয়,ভূমি মন্ত্রণালয়,ভূমি মন্ত্রণালয়,সাবেরা আক্তার (১৫৪৩৬) (২২তম ব্যাচ),যুগ্মসচিব (সায়রাত অনুবিভাগ),,+৮৮০১৭১২৫৮৮৭৯৪,sairat@minland.gov.bd,ভূমি মন্ত্রণালয়,https://objectstorage.ap-dcc-gazipur-1.oraclecloud15.com/n/axvjbnqprylg/b/V2Ministry/o/office-minland/2024/12/f09ea227bd624513b8cbf951d4599618.jpg,তুষার আহমেদ (১৭০৬৩) (৩১তম ব্যাচ),উপসচিব (আইন-০৪),+৮৮০২৫৫১০০১৬৮,+৮৮০১৮১৬৭১৮১৮৪,law4@minland.gov.bd,ভূমি মন্ত্রণালয়,https://objectstorage.ap-dcc-gazipur-1.oraclecloud15.com/n/axvjbnqprylg/b/V2Ministry/o/office-minland/2024/12/9d55694f95944199b17093d5e722a13d.jpg,এ এস এম সালেহ আহমেদ,সিনিয়র সচিব,+৮৮০২৫৫১০১১৩১,,secretary@minland.gov.bd,ভূমি মন্ত্রণালয়,https://objectstorage.ap-dcc-gazipur-1.oraclecloud15.com/n/axvjbnqprylg/b/V2Ministry/o/office-minland/2024/12/0c0e0651a735476384b1f0aa437a69a4.jpg,https://minland.gov.bd/views/info-officers,2026-09-29
ভূমি মন্ত্রণালয়,ভূমি মন্ত্রণালয়,ভূমি রেকর্ড ও জরিপ অধিদপ্তর,"উজ্জল কুমার হালদার, সিনিয়র সহকারী সচিব(তম ব্যাচ)",,,,,,,মোঃ আজগর আলী (পরিচিতি নম্বর-১৭৭৯৭ ৩৪তম ব্যাচ),চার্জ অফিসার সীমানা-২,+৮৮-০২-৪১০২৪৬১৩,০১৭৩৪ ৩৩৯৩২১,cob-2@dlrs.gov.bd,ভূমি রেকর্ড ও জরিপ অধিদপ্তর,https://objectstorage.ap-dcc-gazipur-1.oraclecloud15.com/n/axvjbnqprylg/b/V2Ministry/o/office-dlrs/2026/2/ecbef692-4434-4cdb-bf10-98313fc827eb.jpeg,,,,,,,,https://dlrs.gov.bd/views/info-officers,2026-09-29
মন্ত্রিপরিষদ বিভাগ,মন্ত্রিপরিষদ বিভাগ,মন্ত্রিপরিষদ বিভাগ,মুহাম্মদ সাদিকুর রহমান (১৬৭৮০),উপসচিব,০২-২২৬৬৪১০৮৩,০১৯১৪২১০২৮৪,rti_sec@cabinet.gov.bd,তথ্য অধিকার শাখা (অতিরিক্ত দায়িত্ব),https://objectstorage.ap-dcc-gazipur-1.oraclecloud15.com/n/axvjbnqprylg/b/V2Ministry/o/office-cabinet/2026/7/9138fa10-2287-4d9f-86b5-5b1f0fba3171.jpeg,মোঃ জালাল হাবিবুর রহমান (২০৪৬৪),যুগ্মসচিব (সংযুক্ত),০২-২২৬৬৪১০৩১,০১৯৩১৪০৫৪৬৭,re_sec@cabinet.gov.bd,গবেষণা শাখা,https://objectstorage.ap-dcc-gazipur-1.oraclecloud15.com/n/axvjbnqprylg/b/V2Ministry/o/office-cabinet/2024/12/7ae0ec747f2948b0ba60d92c2fb055e1.jpg,"মিজ্‌ ফারাহ শাম্মী, এনডিসি (৬৫০৬)","সচিব, সমন্বয় ও সংস্কার",০২-২২৬৬৪১৪৪৩,+৮৮০ ১৭৮৭-৬৭৪৯৯৯,secy_cnr@cabinet.gov.bd,মন্ত্রিপরিষদ বিভাগ,https://objectstorage.ap-dcc-gazipur-1.oraclecloud15.com/n/axvjbnqprylg/b/V2Ministry/o/office-cabinet/2026/5/8f8353d2-bcce-42fb-b6c8-5382a5bbf42a.jpg,https://cabinet.gov.bd/views/info-officers,2026-09-29
মহিলা ও শিশু বিষয়ক মন্ত্রণালয়,মহিলা ও শিশু বিষয়ক মন্ত্রণালয়,ডিএনএ ল্যাবরেটরী ব্যবস্থাপনা অধিদপ্তর,মোছা: শিমুল বিল্লাহ্ সুলতানা,সহকারী পরিচালক (সংযুক্ত),+৮৮০২৪১০৩১৬৬৭,,ad@ddlm.gov.bd,ডিএনএ ল্যাবরেটরী ব্যবস্থাপনা অধিদপ্তর,https://objectstorage.ap-dcc-gazipur-1.oraclecloud15.com/n/axvjbnqprylg/b/V2Ministry/o/office-ddlm/2024/12/4b6ccfd842ec41b7b47251b2b71de08d.jpeg,হামিদ আহমদ,বৈজ্ঞানিক কর্মকর্তা (সংযুক্ত),,,so@ddlm.gov.bd,ডিএনএ ল্যাবরেটরী ব্যবস্থাপনা অধিদপ্তর,https://objectstorage.ap-dcc-gazipur-1.oraclecloud15.com/n/axvjbnqprylg/b/V2Ministry/o/office-ddlm/2024/12/1aea82cd1cd14cfda87c4c76a48bcb3d.jpeg,এস এম নাজিমুল ইসলাম,মহাপরিচালক (যুগ্মসচিব),,,dg@ddlm.gov.bd,ডিএনএ ল্যাবরেটরী ব্যবস্থাপনা অধিদপ্তর,https://objectstorage.ap-dcc-gazipur-1.oraclecloud15.com/n/axvjbnqprylg/b/V2Ministry/o/office-ddlm/2026/8/074c4516-7238-4d40-9b46-a5664108758f.jpeg,https://ddlm.portal.gov.bd/views/info-officers,2026-09-30
মহিলা ও শিশু বিষয়ক মন্ত্রণালয়,মহিলা ও শিশু বিষয়ক মন্ত্রণালয়,মহিলা ও শিশু বিষয়ক মন্ত্রণালয়,মোঃ আবুল কালাম আজাদ,সিনিয়র সহকারী সচিব,,+৮৮০১৯১৪৬১১৬৬৩,admin-3@mowca.gov.bd,প্রশাসন-৩ শাখা (কাউন্সিল অফিসার),https://objectstorage.ap-dcc-gazipur-1.oraclecloud15.com/n/axvjbnqprylg/b/V2Ministry/o/office-mowca/2024/12/9bd5f0dc3f454015b621eee1aefe6146.jpg,,,,,,,,ড. রওশন আরা বেগম (৫৬৫০),সচিব,+৮৮-০২- ৫৫১০১০১২,,secretary@mowca.gov.bd,মহিলা ও শিশু বিষয়ক মন্ত্রণালয়,https://objectstorage.ap-dcc-gazipur-1.oraclecloud15.com/n/axvjbnqprylg/b/V2Ministry/o/office-mowca/2026/7/6bfc9446-2405-40b0-8246-30eb07457c0c.jpg,https://mowca.gov.bd/views/info-officers,2026-09-29
মহিলা ও শিশু বিষয়ক মন্ত্রণালয়,মহিলা ও শিশু বিষয়ক মন্ত্রণালয়,মহিলা বিষয়ক অধিদপ্তর,মেহেরুন্নেছা মনি,"সহকারী পরিচালক (পরিবীক্ষণ,সমন্বয় ও সচেতনতা)",,+৮৮- ০১৭২৮০৬৭৪৮৯,monsha1972@gmail.com,"মহিলা বিষয়ক অধিদপ্তর,ঢাকা।",https://objectstorage.ap-dcc-gazipur-1.oraclecloud15.com/n/axvjbnqprylg/b/V2Ministry/o/office-dwa/2026/7/223b7575-e4fe-47d0-a1f5-c71ad14a5440.jpg,আমাতুজ জোহরা,"প্রোগ্রাম অফিসার, জনসংযোগ শাখা (অতিরিক্ত দায়িত্ব: লাইব্রেরি শাখা ও বিকল্প তথ্য প্রদানকারী কর্মকর্তা)",,+৮৮- ০১৭৬৮৬৮৮১৭৩,amatuzzohra2@gmail.com,মহিলা বিষয়ক অধিদপ্তর,https://objectstorage.ap-dcc-gazipur-1.oraclecloud15.com/n/axvjbnqprylg/b/V2Ministry/o/office-dwa/2026/7/e571ab8e-b754-42cd-818b-9d81b0ab7710.jpeg,ড. রওশন আরা বেগম (৫৬৫০),সচিব,+৮৮-০২- ৫৫১০১০১২,,secretary@mowca.gov.bd,মহিলা ও শিশু বিষয়ক মন্ত্রণালয়,https://objectstorage.ap-dcc-gazipur-1.oraclecloud15.com/n/axvjbnqprylg/b/V2Ministry/o/office-mowca/2026/7/6bfc9446-2405-40b0-8246-30eb07457c0c.jpg,https://dwa.gov.bd/views/info-officers,2026-09-29
মুক্তিযুদ্ধ বিষয়ক মন্ত্রণালয়,মুক্তিযুদ্ধ বিষয়ক মন্ত্রণালয়,জুলাই গণঅভ্যুত্থান অধিদপ্তর,,,,,,,,,,,,,,,,,,,,,,https://djmu.portal.gov.bd/views/info-officers,2026-09-28
মুক্তিযুদ্ধ বিষয়ক মন্ত্রণালয়,মুক্তিযুদ্ধ বিষয়ক মন্ত্রণালয়,মুক্তিযুদ্ধ বিষয়ক মন্ত্রণালয়,মো: তমিজুল ইসলাম খান (১৫২৪৯),যুগ্মসচিব (প্রশাসন-৩) ও মন্ত্রণালয়ের সকল দপ্তর/সংস্থার প্রশাসনিক কাজসমূহ,,,tikhan22@gmail.com,মুক্তিযুদ্ধ বিষয়ক মন্ত্রণালয়,https://objectstorage.ap-dcc-gazipur-1.oraclecloud15.com/n/axvjbnqprylg/b/V2Ministry/o/office-molwa/2024/12/b39bf49120024fa0aa495f293c1c21ab.jpg,হরিদাস ঠাকুর (৮১০৫),উপসচিব (গেজেট),০২-২২৩৩৮৬৫৭২,০১৭১২-০০৫২১৪,dsgazzet@molwa.gov.bd,মুক্তিযুদ্ধ বিষয়ক মন্ত্রণালয়,https://objectstorage.ap-dcc-gazipur-1.oraclecloud15.com/n/axvjbnqprylg/b/V2Ministry/o/office-molwa/2024/12/956353076965463780d9947a26c88d4b.jpeg,মো: আশরাফুল ইসলাম (৬৩২১),সচিব,৮৮০২২২৩৩৮৫৮৩৫,,secretary@molwa.gov.bd,মুক্তিযুদ্ধ বিষয়ক মন্ত্রণালয়,https://objectstorage.ap-dcc-gazipur-1.oraclecloud15.com/n/axvjbnqprylg/b/V2Ministry/o/office-molwa/2026/2/f5b52030-79c3-4318-bc77-4ad6e226e92f.jpg,https://molwa.gov.bd/views/info-officers,2026-09-29
মৎস্য ও প্রাণিসম্পদ মন্ত্রণালয়,মৎস্য ও প্রাণিসম্পদ মন্ত্রণালয়,প্রাণিসম্পদ অধিদপ্তর,জনাব মোঃ শরিফুল হক,"উপপরিচালক, খামার শাখা",০২-২২২২৪২৫২৩,০১৩২৪২৮৮৭৩৬,farm@dls.gov.bd,"প্রাণিসম্পদ অধিদপ্তর, ফার্মগেট, ঢাকা।",,,,,,,,,,,,,,,,https://dls.gov.bd/views/info-officers,2026-09-30
মৎস্য ও প্রাণিসম্পদ মন্ত্রণালয়,মৎস্য ও প্রাণিসম্পদ মন্ত্রণালয়,মৎস্য অধিদপ্তর,জনাব এস. এম. রেজাউল করিম,উপপরিচালক (প্রশাসন),০২-২২৩৩৮৯৩৫৫,০১৭১১০০৬৯৫০,ddadmin@fisheries.gov.bd,"মৎস্য অধিদপ্তর , মৎস্য ভবন , ঢাকা ।",https://objectstorage.ap-dcc-gazipur-1.oraclecloud15.com/n/axvjbnqprylg/b/V2Ministry/o/office-fisheries/2024/12/264a0206279345269e53b9756126d6ab.jpg,জনাব রুবানা ফেরদৌসী,সহকারী পরিচালক,০২-২২৩৩৮৬৯৮৮,০১৭১১২০৯৫২৪,adeni@fisheries.gov.bd,"মৎস্য অধিদপ্তর , মৎস্য ভবন , ঢাকা ।",https://objectstorage.ap-dcc-gazipur-1.oraclecloud15.com/n/axvjbnqprylg/b/V2Ministry/o/office-fisheries/2024/12/54dad95b38874b83a5ac717e1c3aff69.jpg,মোঃ দেলোয়ার হোসেন,সচিব,০২-৫৫১০০৬৩১,০১৭১৩০৬৩৭১১,secretary@mofl.gov,"মৎস্য অধিদপ্তর, মৎস্য ভবন, রমনা, ঢাকা",https://objectstorage.ap-dcc-gazipur-1.oraclecloud15.com/n/axvjbnqprylg/b/V2Ministry/o/office-mofl/2026/7/e59980ad-260b-49b2-a159-b6f3fccbce5b.jpg,https://fisheries.gov.bd/views/info-officers,2026-09-30
মৎস্য ও প্রাণিসম্পদ মন্ত্রণালয়,মৎস্য ও প্রাণিসম্পদ মন্ত্রণালয়,মৎস্য ও প্রাণিসম্পদ মন্ত্রণালয়,মোহাম্মদ আহম্মেদ আলী (৭৯২১),যুগ্মসচিব,,০১৭১৬৬৬৯৭৬৮,ds_budget@mofl.gov.bd,বাজেট অধিশাখা,https://objectstorage.ap-dcc-gazipur-1.oraclecloud15.com/n/axvjbnqprylg/b/V2Ministry/o/office-mofl/2024/12/2368133b24094043b801f26ab9bb2971.png,রুবাইয়াৎ ফেরদৌসী (১৭০২৭),সিনিয়র সহকারী সচিব,,০১৭১৭৪৪৯৯১১,budget-1@mofl.gov.bd,বাজেট-১ শাখা,https://objectstorage.ap-dcc-gazipur-1.oraclecloud15.com/n/axvjbnqprylg/b/V2Ministry/o/office-mofl/2024/12/6eb6819f1e304a9286303cdffffc4948.jpg,মো: দেলোয়ার হোসেন (৫৭১৬),সচিব,০২-৫৫১০০৬৩১,০১৭১৩০৬৩৭১১,secretary@mofl.gov.bd,মৎস্য ও প্রাণিসম্পদ মন্ত্রণালয়,https://objectstorage.ap-dcc-gazipur-1.oraclecloud15.com/n/axvjbnqprylg/b/V2Ministry/o/office-mofl/2026/7/e59980ad-260b-49b2-a159-b6f3fccbce5b.jpg,https://mofl.gov.bd/views/info-officers,2026-09-29
যুব ও ক্রীড়া মন্ত্রণালয়,যুব ও ক্রীড়া মন্ত্রণালয়,যুব উন্নয়ন অধিদপ্তর,জনাব মোঃ মাজহারুল হক,সহকারী পরিচালক (প্রশাসন-৫),,০১৭১৬৪৫৭৯৪০,mdmazhar.hoque@gmail.com,যুব উন্নয়ন অধিদপ্তর,https://objectstorage.ap-dcc-gazipur-1.oraclecloud15.com/n/axvjbnqprylg/b/V2Ministry/o/office-dyd/2024/12/5cba748fc58c4825ba1bf99fb29ab9b7.jpg,জনাব মোঃ আমিরুল ইসলাম,সহকারী পরিচালক (প্রশাসন-৬),,০১৭৩৩২৬৮১৩৬,adpublication@dyd.gov.bd,যুব উন্নয়ন অধিদপ্তর,https://objectstorage.ap-dcc-gazipur-1.oraclecloud15.com/n/axvjbnqprylg/b/V2Ministry/o/office-dyd/2024/12/2a76840011974df0a590fb3be5fc69fa.jpg,জনাব মোঃ মাহবুব-উল-আলম,সচিব,+৮৮-০২-৯৫১৩৩৬৩,+৮৮০১৭০৯৩৩০০০৬,secretary@moysports.gov.bd,যুব ও ক্রীড়া মন্ত্রণালয়,https://objectstorage.ap-dcc-gazipur-1.oraclecloud15.com/n/axvjbnqprylg/b/V2Ministry/o/office-moysports/2024/12/0ad98fb67a4641c3b186673fcb175d86.jpeg,https://dyd.gov.bd/views/info-officers,2026-09-30
যুব ও ক্রীড়া মন্ত্রণালয়,যুব ও ক্রীড়া মন্ত্রণালয়,যুব ও ক্রীড়া মন্ত্রণালয়,জনাব মোঃ নাজিম উদ্দীন,উপসচিব,,০১৭১৮০৬৪২৬৬,ds.gpms@moysports.gov.bd,"ভবন নং-০৭, বাংলাদেশ সচিবালয়, আব্দুল গণি রোড, ঢাকা-১০০০",https://objectstorage.ap-dcc-gazipur-1.oraclecloud15.com/n/axvjbnqprylg/b/V2Ministry/o/office-moysports/2024/12/61db7b7982374cb8a8ada7c151190303.jpg,জনাব মোহাম্মদ উল্লাহ,সিনিয়র সহকারী সচিব,০২-২২৩৩৫৫৫০৩,+৮৮০১৭১৩১৭৪৩১১,sas.youth1@moysports.gov.bd,"ভবন নং-০৭, বাংলাদেশ সচিবালয়, আব্দুল গণি রোড, ঢাকা-১০০০",https://objectstorage.ap-dcc-gazipur-1.oraclecloud15.com/n/axvjbnqprylg/b/V2Ministry/o/office-moysports/2024/12/015f069c6ce84eb0a0f455a5d55f038e.jpeg,জনাব মোঃ মাহবুব-উল-আলম,সচিব,+৮৮-০২-৯৫১৩৩৬৩,০১৮৯৪৮৯৫৭১৪,secretary@moysports.gov.bd,"কক্ষ নং-৫৩৬, ভবন নং-০৭, বাংলাদেশ সচিবালয়, আব্দুল গণি রোড, ঢাকা-১০০০",https://objectstorage.ap-dcc-gazipur-1.oraclecloud15.com/n/axvjbnqprylg/b/V2Ministry/o/office-moysports/2024/12/af8d290b67b94e77bdd5f077fe52419d.jpeg,https://moysports.gov.bd/views/info-officers,2026-09-29
রাষ্ট্রপতির কার্যালয়,আপন বিভাগ,আপন বিভাগ,জনাব মোঃ শামসুল হক,উপসচিব (সংযুক্ত),+৮৮০২২২৬৬৩৮১৫০,০১৫৫০১৫০৬৬২,sas-gen@bangabhaban.gov.bd,"রাষ্ট্রপতির কার্যালয় বঙ্গভবন, ঢাকা।",,জনাব মোঃ আবদুল হক,সিনিয়র সহকারী সচিব (প্রশাসন),+৮৮০২২২৬৬৩৮১৪৫,০১৫৫০১৫০৬৬৪,sas-admin@bangabhaban.gov.bd,,,"মেজর জেনারেল মোহাম্মদ আদিল চৌধুরী এনডিসি, পিএসসি",,,,,"Personal Division, President's Office",,https://personaldivision.portal.gov.bd/views/info-officers,2026-09-29
রাষ্ট্রপতির কার্যালয়,জন বিভাগ,জন বিভাগ,মোঃ রেজাউল করিম,"উপসচিব (তহবিল ও আবেদন, লাইব্রেরি, হিসাব, বিবিধ (পররাষ্ট্র ও প্রস্তুতি সভা সংক্রান্ত))",,,,"জন বিভাগ, রাষ্ট্রপতির কার্যালয়, বঙ্গভবন, ঢাকা।",https://objectstorage.ap-dcc-gazipur-1.oraclecloud15.com/n/axvjbnqprylg/b/V2Ministry/o/office-publicdivision/2026/8/a6bf9cd7-e7a4-4f32-9065-9d626827af6a.jpeg,নুশরাত আরা খানম,সিনিয়র সহকারী সচিব,,,,"জন বিভাগ, রাষ্ট্রপতির কার্যালয়, বঙ্গভবন, ঢাকা।",https://objectstorage.ap-dcc-gazipur-1.oraclecloud15.com/n/axvjbnqprylg/b/V2Ministry/o/office-publicdivision/2026/8/6fa60998-77d7-4e67-9795-8a28b7775665.jpeg,এ. জে. এম সালাহউদ্দিন নাগরী,সচিব,০২২২৬৬৩৮১৯০,,,"জন বিভাগ, রাষ্ট্রপতির কার্যালয়, বঙ্গভবন, ঢাকা।",https://objectstorage.ap-dcc-gazipur-1.oraclecloud15.com/n/axvjbnqprylg/b/V2Ministry/o/office-publicdivision/2026/7/6e1732a3-ffcf-4a88-93a9-41042885d6cf.png,https://publicdivision.portal.gov.bd/views/info-officers,2026-09-29
রাষ্ট্রপতির কার্যালয়,রাষ্ট্রপতির কার্যালয়,রাষ্ট্রপতির কার্যালয়,,,,,,,,,,,,,,,,,,,,,,https://bangabhaban.gov.bd/views/info-officers,2026-09-28
রেলপথ মন্ত্রণালয়,রেলপথ মন্ত্রণালয়,বাংলাদেশ রেলওয়ে,,,১৩২৫০৮৭৩৩৩,০১৭৬৮৮৩৯৫৮৪,,,https://objectstorage.ap-dcc-gazipur-1.oraclecloud15.com/n/axvjbnqprylg/b/V2Ministry/o/office-railway/2024/12/5ba8854d30f04b8eb877b7d73ef18ba9.jpg,,,৩৪৫৩৬,২৫৩৮৩,ictbr@railway.gov.bd,,https://objectstorage.ap-dcc-gazipur-1.oraclecloud15.com/n/axvjbnqprylg/b/V2Ministry/o/office-railway/2024/12/48d1b59ccab846eeac3cf45350c93cdb.jpg,,,,৭৬৪৭,,,https://objectstorage.ap-dcc-gazipur-1.oraclecloud15.com/n/axvjbnqprylg/b/V2Ministry/o/office-railway/2024/12/28b8702a0ba84b0fb5db989465032386.jpg,https://railway.gov.bd/views/info-officers,2026-09-29
রেলপথ মন্ত্রণালয়,রেলপথ মন্ত্রণালয়,রেলপথ পরিদর্শন অধিদপ্তর,,,,,,,,,,,,,,,,,,,,,,https://dri.portal.gov.bd/views/info-officers,2026-09-30
রেলপথ মন্ত্রণালয়,রেলপথ মন্ত্রণালয়,রেলপথ মন্ত্রণালয়,মো: তবিবুর রহমান,"যুগ্মসচিব (বাস্তবায়ন,পরিবীক্ষণ ও মূল্যায়ন অধিশাখা)",৪১০৫৩৭৭০,০১৭১১৬৯১৬৫৯,jsime@mor.gov.bd,রেলপথ মন্ত্রণালয়,https://objectstorage.ap-dcc-gazipur-1.oraclecloud15.com/n/axvjbnqprylg/b/V2Ministry/o/office-mor/2026/3/fc056abf-74d2-4df5-8c9a-1b869a38826c.jpg,মোহাম্মদ জামাল হোসেন,"উপসচিব (বাস্তবায়ন,পরিবীক্ষণ ও মূল্যায়ন-১ শাখা)",২২৩৩৫৩৪৩২,+৮৮০১৮১৮৩৯৮৪১১,dsime@mor.gov.bd,রেলপথ মন্ত্রণালয়,https://objectstorage.ap-dcc-gazipur-1.oraclecloud15.com/n/axvjbnqprylg/b/V2Ministry/o/office-mor/2024/12/937ba503bb7f4cf3bacfc6c53b3d82f5.jpeg,মো: ফাহিমুল ইসলাম,সচিব,৪১০৫২৫৯৯,০১৩২৫০৮৭৩৭৩,secretary@mor.gov.bd,রেলপথ মন্ত্রণালয়,https://objectstorage.ap-dcc-gazipur-1.oraclecloud15.com/n/axvjbnqprylg/b/V2Ministry/o/office-mor/2026/7/fde88f22-564c-45fc-9e13-4b115b3a9afe.jpeg,https://mor.gov.bd/views/info-officers,2026-09-29
শিক্ষা মন্ত্রণালয়,কারিগরি ও মাদ্রাসা শিক্ষা বিভাগ,কারিগরি ও মাদ্রাসা শিক্ষা বিভাগ,সৈয়দ মোহাম্মদ জাহিদ হোসেন,যুগ্মসচিব (প্রশাসন অধিশাখা-২),৫৫১০০৪১৯,০১৭৯৮-০৭৯৬৯৩,jsadmin2@tmed.gov.bd,কারিগরি ও মাদ্রাসা শিক্ষা বিভাগ,https://objectstorage.ap-dcc-gazipur-1.oraclecloud15.com/n/axvjbnqprylg/b/V2Ministry/o/office-tmed/2024/12/819db51ade6149d39a86fea3a02ccfe8.jpg,সৈয়দ আসগর আলী (11343),সিনিয়র সহকারী সচিব (মাদ্রাসা শাখা-৩),০২-৫৫১০০৬৪২,০১৯১৮১৭৪৬১১,asmad1@tmed.gov.bd,"কারিগরি ও মাদ্রাসা শিক্ষা বিভাগ, শিক্ষা মন্ত্রণালয়",https://objectstorage.ap-dcc-gazipur-1.oraclecloud15.com/n/axvjbnqprylg/b/V2Ministry/o/office-tmed/2024/12/0d6796ed68d4494c91018926a684ca15.jpg,জনাব মোঃ দাউদ মিয়া এনডিসি,সচিব,০২-২২৩৩৫২৩৬১/২২,,secretary@tmed.gov.bd,"কারিগরি ও মাদ্রাসা শিক্ষা বিভাগ, শিক্ষা মন্ত্রণালয়।",https://objectstorage.ap-dcc-gazipur-1.oraclecloud15.com/n/axvjbnqprylg/b/V2Ministry/o/office-tmed/2026/6/273d9085-97d3-4f6c-a9bb-f31b7b0a3150.jpeg,https://tmed.gov.bd/views/info-officers,2026-09-29
শিক্ষা মন্ত্রণালয়,কারিগরি ও মাদ্রাসা শিক্ষা বিভাগ,কারিগরি শিক্ষা অধিদপ্তর,,,,,,,,,,,,,,,,,,,,,,https://techedu.gov.bd/views/info-officers,2026-09-28
শিক্ষা মন্ত্রণালয়,কারিগরি ও মাদ্রাসা শিক্ষা বিভাগ,মাদ্রাসা শিক্ষা অধিদপ্তর,জনাব ফিরোজ আল মাহমুদ,সহকারী পরিচালক (প্রশাসন),+০২-৪১০৩০১৬৮,+88০১৭৮২৬৬১০০১,ada@dme.gov.bd,,https://objectstorage.ap-dcc-gazipur-1.oraclecloud15.com/n/axvjbnqprylg/b/V2Ministry/o/office-dme/2026/6/e8c2d382-dc75-4300-bf40-4d4eb4cfc862.jpeg,,,,,,,,,,,,,,,https://dme.gov.bd/views/info-officers,2026-09-30
শিক্ষা মন্ত্রণালয়,মাধ্যমিক ও উচ্চ শিক্ষা বিভাগ,ইসলামী বিশ্ববিদ্যালয়,মোঃ সাহেদ হাসান,"উপ-রেজিস্ট্রার তথ্য, প্রকাশনা ও জনসংযোগ অফিস ও তথ্য কর্মকর্তা, ইবি তথ্য অধিকার, ফোকাল পয়েন্ট",,+৮৮০১৭১৫৩৫১২২৬,shahed@ippro.iu.ac.bd,,,,,,,,,,,,,,,,,https://iu.portal.gov.bd/pages/static-pages/691c1e1781fc96cef9e6594e,2026-09-30
শিক্ষা মন্ত্রণালয়,মাধ্যমিক ও উচ্চ শিক্ষা বিভাগ,কুমিল্লা বিশ্ববিদ্যালয়,,,,,,,,,,,,,,,,,,,,,,https://cou.portal.gov.bd/views/info-officers,2026-09-30
শিক্ষা মন্ত্রণালয়,মাধ্যমিক ও উচ্চ শিক্ষা বিভাগ,চট্টগ্রাম বিশ্ববিদ্যালয়,,,,,,,,,,,,,,,,,,,,,,https://cu.portal.gov.bd/views/info-officers,2026-09-28
শিক্ষা মন্ত্রণালয়,মাধ্যমিক ও উচ্চ শিক্ষা বিভাগ,জাতীয় শিক্ষাক্রম ও পাঠ্যপুস্তক বোর্ড (এনসিটিবি),,,,,,,,জনাব সালাউদ্দিন মাহমুদ,প্রোগ্রামার (অ.দা.),,০১৬৭২৪৬৩৫৫৬,programmer@nctb.gov.bd,জাতীয় শিক্ষাক্রম ও পাঠ্যপুস্তক বোর্ড (এনসিটিবি),https://objectstorage.ap-dcc-gazipur-1.oraclecloud15.com/n/axvjbnqprylg/b/V2Ministry/o/office-nctb/2024/12/6b58e5df0c7d4361a64d45fa46a94568.jpg,,,,,,,,https://nctb.gov.bd/views/info-officers,2026-09-29
শিক্ষা মন্ত্রণালয়,মাধ্যমিক ও উচ্চ শিক্ষা বিভাগ,পরিদর্শন ও নিরীক্ষা অধিদপ্তর,মোঃ কামরুজ্জামান,উপ-পরিচালক,৪১০৫৩৩৪৮,০১৭১৬৯০১২৩০,kzaman013327@gmail.com,পরিদর্শন ও নিরীক্ষা অধিদপ্তর,https://objectstorage.ap-dcc-gazipur-1.oraclecloud15.com/n/axvjbnqprylg/b/V2Ministry/o/office-dia/2026/6/7d649a44-a12f-47e4-b15c-0177d977a92a.jpeg,নূশরাত হাছনীন,শিক্ষা পরিদর্শক,,০১৬৭৪৭৪৫৩৭৫,nushratshifa20@gmail.com,পরিদর্শন ও নিরীক্ষা অধিদপ্তর,https://objectstorage.ap-dcc-gazipur-1.oraclecloud15.com/n/axvjbnqprylg/b/V2Ministry/o/office-dia/2024/12/61eb5c4ba2a143ec92cbb4e40a8b47cb.jpg,জনাব আবদুল খালেক,সচিব,০২-২২৩৩৫৬৬৭৯,,secretary@moedu.gov.bd,মাধ্যমিক ও উচ্চ শিক্ষা বিভাগ,https://objectstorage.ap-dcc-gazipur-1.oraclecloud15.com/n/axvjbnqprylg/b/V2Ministry/o/office-shed/2026/4/94c36158-16d4-4e13-b06f-e11d20918197.jpeg,https://dia.gov.bd/views/info-officers,2026-09-30
শিক্ষা মন্ত্রণালয়,মাধ্যমিক ও উচ্চ শিক্ষা বিভাগ,বাংলাদেশ বিশ্ববিদ্যালয় মঞ্জুরী কমিশন,,,,,,,,,,,,,,,,,,,,,,https://ugc.gov.bd/views/info-officers,2026-09-28
শিক্ষা মন্ত্রণালয়,মাধ্যমিক ও উচ্চ শিক্ষা বিভাগ,মাধ্যমিক ও উচ্চ মাধ্যমিক শিক্ষা বোর্ড ঢাকা,জনাব খাঁন খলিলুর রহমান,উপ-সচিব (প্রশাসন ও সংস্থাপন),০২-৫৮৬১০১৫৬,০১৭১২৫৯১২২৭,ds@dhakaeducationboard.gov.bd,"মাধ্যমিক ও উচ্চমাধ্যমিক শিক্ষা বোর্ড, ঢাকা",,জনাব মো: আজিজুর রহমান,সহকারী সচিব (সংস্থাপন),+৮৮-০২-৫৮৬১২৪৮২,০১৯১২০১০৬৫৯,azizursentu82@gmail.com,"মাধ্যমিক ও উচ্চমাধ্যমিক শিক্ষা বোর্ড, ঢাকা",,জনাব সোলেমান খান,সচিব,০২-২২৩৩৫৬৬৭৯,,secretary@moedu.gov.bd,"শিক্ষা মন্ত্রণালয়, মাধ্যমিক ও উচ্চ শিক্ষা বিভাগ, ঢাকা",,https://dhakaeducationboard.portal.gov.bd/views/info-officers,2026-09-29
শিক্ষা মন্ত্রণালয়,মাধ্যমিক ও উচ্চ শিক্ষা বিভাগ,মাধ্যমিক ও উচ্চ শিক্ষা বিভাগ,জনাব খোদেজা খাতুন,যুগ্মসচিব (নীতি ও সংস্কার অধিশাখা),,০১৭৩১১৬১৬৬৫,policy.reform@moedu.gov.bd,,,জনাব মো: রফিকুল ইসলাম,সহকারী সচিব (নীতি ও সংস্কার শাখা),০২৫৫১০১৪১৬,০১৭৮৫৮৫৫৮৪০,policy.reform@moedu.gov.bd,মাধ্যমিক ও উচ্চ শিক্ষা বিভাগ,https://objectstorage.ap-dcc-gazipur-1.oraclecloud15.com/n/axvjbnqprylg/b/V2Ministry/o/office-shed/2024/12/35efff57ff0545268336c226ef973c8b.jpg,জনাবআবদুল খালেক,সচিব,৯৫৭৬৬৭৯ (অফিস),,secretary@moedu.gov.bd,"মাধ্যমিক ও উচ্চ শিক্ষা বিভাগ, বাংলাদেশ সচিবালয়, ঢাকা",https://objectstorage.ap-dcc-gazipur-1.oraclecloud15.com/n/axvjbnqprylg/b/V2Ministry/o/office-shed/2026/4/94c36158-16d4-4e13-b06f-e11d20918197.jpeg,https://shed.gov.bd/pages/static-pages/694146bca31054345f0fca17,2026-09-29
শিক্ষা মন্ত্রণালয়,মাধ্যমিক ও উচ্চ শিক্ষা বিভাগ,মাধ্যমিক ও উচ্চশিক্ষা অধিদপ্তর,কামরুন নাহার (বিসিএস-২৬),সহকারী পরিচালক (একিউএইউ),,০১৫৫২৪২৩৪৬৯,knd780709@gmail.com,"একিউএইউ, পরিকল্পনা ও উন্নয়ন উইং",https://objectstorage.ap-dcc-gazipur-1.oraclecloud15.com/n/axvjbnqprylg/b/V2Ministry/o/office-dshe/2024/12/e0f4b1480a284f888cdb454966471aeb.jpg,,,,,,,,জনাব আবদুল খালেক,সচিব,০২-২২৩৩৫৬৬৭৯,,secretary@moedu.gov.bd,মাধ্যমিক ও উচ্চ শিক্ষা বিভাগ,https://objectstorage.ap-dcc-gazipur-1.oraclecloud15.com/n/axvjbnqprylg/b/V2Ministry/o/office-shed/2026/4/94c36158-16d4-4e13-b06f-e11d20918197.jpeg,https://dshe.gov.bd/views/info-officers,2026-09-29
শিক্ষা মন্ত্রণালয়,মাধ্যমিক ও উচ্চ শিক্ষা বিভাগ,শিক্ষা প্রকৌশল অধিদপ্তর,আবু সাঈদ,নির্বাহী প্রকৌশলী (সিভিল),,০১৭৭৮৭৮৫৮৯৮,ee_d3@eedmoe.gov.bd,শিক্ষা প্রকৌশল অধিদপ্তর,https://objectstorage.ap-dcc-gazipur-1.oraclecloud15.com/n/axvjbnqprylg/b/V2Ministry/o/office-eedmoe/2024/12/a805c5c05f30411c915dd2c542305728.jpeg,ইফতেখার উদ্দিন আহাম্মদ,সিস্টেম এনালিস্ট (চলতি দায়িত্ব),০২-৪১০৫৩৫১৯,০১৭১৪-৩৬৬৪৪২,sa@eedmoe.gov.bd,শিক্ষা প্রকৌশল অধিদপ্তর (ইইডি),https://objectstorage.ap-dcc-gazipur-1.oraclecloud15.com/n/axvjbnqprylg/b/V2Ministry/o/office-eedmoe/2024/12/a01b76080fae4ca897105ab3c2556ee3.png,জনাব আবদুল খালেক,সচিব,০২-২২৩৩৫৬৬৭৯,,secretary@moedu.gov.bd,মাধ্যমিক ও উচ্চ শিক্ষা বিভাগ,https://objectstorage.ap-dcc-gazipur-1.oraclecloud15.com/n/axvjbnqprylg/b/V2Ministry/o/office-shed/2026/4/94c36158-16d4-4e13-b06f-e11d20918197.jpeg,https://eedmoe.gov.bd/views/info-officers,2026-09-30
শিক্ষা মন্ত্রণালয়,শিক্ষা মন্ত্রণালয়,শিক্ষা মন্ত্রণালয়,,,,,,,,,,,,,,,,,,,,,,https://moedu.gov.bd/views/info-officers,2026-09-28
শিল্প মন্ত্রণালয়,শিল্প মন্ত্রণালয়,"পেটেন্ট, শিল্প-নকশা ও ট্রেডমার্কস অধিদপ্তর",,,,,,,,,,,,,,,,,,,,,,https://dpdt.gov.bd/views/info-officers,2026-09-30
শিল্প মন্ত্রণালয়,শিল্প মন্ত্রণালয়,বাংলাদেশ কেমিক্যাল ইন্ডাস্ট্রিজ কর্পোরেশন,জনাব করিমুন্নিসা,"মহাব্যবস্থাপক (প্রশাসন), এমআইএস বিভাগ",০২-২২৩৩৮১৬৬১,০১৭২০৯২০৭৬৬,mis@bcic.gov.bd,বাংলাদেশ কেমিক্যাল ইন্ডাস্ট্রিজ কর্পোরেশন ৩০-৩১ দিলকুশা বা/এ ঢাকা-১০০০।,,জনাব মোহাম্মদ সাইফুল ইসলাম,"সহকারী প্রোগ্রামার, এমআইএস বিভাগ",০২-২২৩৩৮১৬৬১,০১৭২২০০৮২৭৭,saiful6404-8@bcic.gov.bd,বাংলাদেশ কেমিক্যাল ইন্ডাস্ট্রিজ কর্পোরেশন বিসিআইসি ভবন (৬ষ্ঠ তলা) ৩০-৩১ দিলকুশা বা/এ ঢাকা-১০০০।,,,,,,,,,https://bcic.gov.bd/views/info-officers,2026-09-29
শিল্প মন্ত্রণালয়,শিল্প মন্ত্রণালয়,বাংলাদেশ ক্ষুদ্র ও কুটির শিল্প কর্পোরেশন,মোঃ রফিকুল ইসলাম,জনসংযোগ কর্মকর্তা,,০১৭৩৮১২২০৬২,pro@bscic.gov.bd,জনসংযোগ শাখা,https://objectstorage.ap-dcc-gazipur-1.oraclecloud15.com/n/axvjbnqprylg/b/V2Ministry/o/office-bscic/2024/12/eadda833ea02443ca7d11dbfdb047266.png,মোঃ আকতার হোসেন দিদার,আইন কর্মকর্তা,,০১৯১৪৩১২০২৬,lo_4.law@bscic.gov.bd,আইন সেল,https://objectstorage.ap-dcc-gazipur-1.oraclecloud15.com/n/axvjbnqprylg/b/V2Ministry/o/office-bscic/2024/12/2bf93ede814045449b41582ba766e476.png,বেনজীর আহমেদ,চেয়ারম্যান,০২-৪১০১০৫৫২,০১৭১১৫৩৮৭৫৪,chairman@bscic.gov.bd,"চেয়ারম্যান দপ্তর, বিসিক",https://objectstorage.ap-dcc-gazipur-1.oraclecloud15.com/n/axvjbnqprylg/b/V2Ministry/o/office-bscic/2026/6/c28fdf8b-2a9b-427d-936d-bfac4351d677.jpeg,https://bscic.gov.bd/views/info-officers,2026-09-29
শিল্প মন্ত্রণালয়,শিল্প মন্ত্রণালয়,বাংলাদেশ স্ট্যান্ডার্ডস এন্ড টেস্টিং ইনস্টিটিউশন,মোঃ তাহের জামিল,উপ-পরিচালক (প্রশাসন),,,,,,,,,,,,,,,,,,,,https://bsti.gov.bd/views/info-officers,2026-09-29
শিল্প মন্ত্রণালয়,শিল্প মন্ত্রণালয়,শিল্প মন্ত্রণালয়,নূরুন নাহার,উপসচিব (বিরা),০২-২২৩৩৮৭৩৭২,০১৫৫০১৫৩৬১২,dsdps@moind.gov.bd,শিল্প মন্ত্রণালয়,https://objectstorage.ap-dcc-gazipur-1.oraclecloud15.com/n/axvjbnqprylg/b/V2Ministry/o/office-moind/2024/12/bb18878ec12a480ca39cfbad2f530f10.jpg,প্রীতম সাহা,সিনিয়র সহকারী সচিব (সাধারণ সেবা),,০১৭১১০২৬৬৯৫,sasbudget@moind.gov.bd,শিল্প মন্ত্রণালয়,https://objectstorage.ap-dcc-gazipur-1.oraclecloud15.com/n/axvjbnqprylg/b/V2Ministry/o/office-moind/2025/11/78897e6f-c61b-4e3b-9893-144435a8307a.jpg,আব্দুন নাসের খান,সচিব,০২-৪৭১২০৮০০,০১৭৫৫৫৯৪৯৯৪,indsecy@moind.gov.bd,শিল্প মন্ত্রণালয়,https://objectstorage.ap-dcc-gazipur-1.oraclecloud15.com/n/axvjbnqprylg/b/V2Ministry/o/office-moind/2026/6/7a23043f-84ba-42b2-8609-442f3c7a0cd4.jpeg,https://moind.gov.bd/views/info-officers,2026-09-29
শ্রম ও কর্মসংস্থান মন্ত্রণালয়,শ্রম ও কর্মসংস্থান মন্ত্রণালয়,কলকারখানা ও প্রতিষ্ঠান পরিদর্শন অধিদপ্তর,মোঃ ফোরকান আহসান,তথ্য ও গণসংযোগ কর্মকর্তা,৮৮০২২২৬৬৬৪২১৪,,forkanahsan@gmail.com,তথ্য ও গণসংযোগ উপশাখা,https://objectstorage.ap-dcc-gazipur-1.oraclecloud15.com/n/axvjbnqprylg/b/V2Ministry/o/office-dife/2026/4/e144637e-a0c6-40b3-88b3-566598fda8ff.jpeg,মোঃ কোরবান আলী,গ্রন্থাগারিক,৮৮০২২২৬৬৬৪২০৯,০১৭৬৪৭৭০৬৩২,kurban92ali@gmail.com,গ্রন্থাগার,https://objectstorage.ap-dcc-gazipur-1.oraclecloud15.com/n/axvjbnqprylg/b/V2Ministry/o/office-dife/2024/12/50f334fb401c466ba2426dfe893b347b.jpeg,জনাব মোঃ আব্দুর রহমান তরফদার (৬৩৬৬),সচিব,+৮৮০২৯৫১৪৩৬৬,,secretary@mole.gov.bd,শ্রম ও কর্মসংস্থান মন্ত্রণালয়,https://objectstorage.ap-dcc-gazipur-1.oraclecloud15.com/n/axvjbnqprylg/b/V2Ministry/o/office-mole/2026/1/4af823b7-462b-4a9b-a5a4-ea37bfcd035a.jpeg,https://dife.gov.bd/views/info-officers,2026-09-30
শ্রম ও কর্মসংস্থান মন্ত্রণালয়,শ্রম ও কর্মসংস্থান মন্ত্রণালয়,শ্রম অধিদপ্তর,আফরোজা পারভীন,উপ পরিচালক (তথ্য প্রযুক্তি এবং শ্রম কল্যাণ ও বিনোদন শাখা),,"০১৫৫৩৩৯০১২০, ০১৭২৫৪০৭০২৮",afrozaparvin.dol@gmail.com,"প্রধান কার্যালয়, শ্রম অধিদপ্তর",https://objectstorage.ap-dcc-gazipur-1.oraclecloud15.com/n/axvjbnqprylg/b/V2Ministry/o/office-dol/2024/12/524b847e782c44f78d9b7bf159b6991d.jpg,মোঃ সোহেল আজিম,সহকারী পরিচালক (প্রশিক্ষণ),+৮৮০২৮৩৯১৪৭৯,+৮৮০১৭৯১৭২০২০৯,sohel.azim@dol.gov.bd,"প্রধান কার্যালয়, শ্রম অধিদপ্তর",https://objectstorage.ap-dcc-gazipur-1.oraclecloud15.com/n/axvjbnqprylg/b/V2Ministry/o/office-dol/2024/12/475a09dd8cf54b82ae2d3b359b488901.jpg,জনাব মোঃ আব্দুর রহমান তরফদার (৬৩৬৬),সচিব,+৮৮০২৯৫১৪৩৬৬,,secretary@mole.gov.bd,শ্রম ও কর্মসংস্থান মন্ত্রণালয়,https://objectstorage.ap-dcc-gazipur-1.oraclecloud15.com/n/axvjbnqprylg/b/V2Ministry/o/office-mole/2026/1/4af823b7-462b-4a9b-a5a4-ea37bfcd035a.jpeg,https://dol.gov.bd/views/info-officers,2026-09-30
শ্রম ও কর্মসংস্থান মন্ত্রণালয়,শ্রম ও কর্মসংস্থান মন্ত্রণালয়,শ্রম ও কর্মসংস্থান মন্ত্রণালয়,,,,,,,,জনাব মোঃ মোস্তাফিজুর রহমান,সিনিয়র সহকারী সচিব,৯৫১৩৫৫৩,০১৭৪২৭৫৬৮৫২,planning3@mole.gov.bd,পরিকল্পনা ৩ ও ৪ শাখা,https://objectstorage.ap-dcc-gazipur-1.oraclecloud15.com/n/axvjbnqprylg/b/V2Ministry/o/office-mole/2024/12/91144bd124264cf49648de49e6d4cbbe.png,জনাব মোঃ আব্দুর রহমান তরফদার (৬৩৬৬),সচিব,+৮৮০২৯৫১৪৩৬৬,,secretary@mole.gov.bd,শ্রম ও কর্মসংস্থান মন্ত্রণালয়,https://objectstorage.ap-dcc-gazipur-1.oraclecloud15.com/n/axvjbnqprylg/b/V2Ministry/o/office-mole/2026/1/4af823b7-462b-4a9b-a5a4-ea37bfcd035a.jpeg,https://mole.gov.bd/views/info-officers,2026-09-29
সংস্কৃতি বিষয়ক মন্ত্রণালয়,সংস্কৃতি বিষয়ক মন্ত্রণালয়,আরকাইভস ও গ্রন্থাগার অধিদপ্তর,মোঃ ইলিয়াছ মিয়া,গবেষণা কর্মকর্তা,০১৮১৯৮৭২৭০৩,০১৮১৯৮৭২৭০৩,elias_004@yahoo.com,"আরকাইভস ও গ্রন্থাগার অধিদপ্তর, ৩২, বিচারপতি এস.এম. মোর্শেদ সরণি, আগারগাঁও, শেরে বাংলা নগর, ঢাকা-১২০৭, বাংলাদেশ।",https://objectstorage.ap-dcc-gazipur-1.oraclecloud15.com/n/axvjbnqprylg/b/V2Ministry/o/office-nanl/2024/12/967c78c8a8e1414e9529bc7012558b6c.jpg,মোঃ নাজমুস শাহাদৎ,সহকারী গ্রন্থাগার পরিচালক,০১৯১২৫১৪৪১৫,০১৯১২৫১৪৪১৫,shahadutsta@gmail.com,"আরকাইভস ও গ্রন্থাগার অধিদপ্তর, ৩২, বিচারপতি এস.এম. মোর্শেদ সরণি, আগারগাঁও, শেরে বাংলা নগর, ঢাকা-১২০৭, বাংলাদেশ।",https://objectstorage.ap-dcc-gazipur-1.oraclecloud15.com/n/axvjbnqprylg/b/V2Ministry/o/office-nanl/2024/12/fa20f8a211e541ecb0699cd57998bb90.jpg,জনাব খন্দকার জহিরুল ইসলাম,মহাপরিচালক (অতিরিক্ত সচিব),০২-২২২২১৮৩৪৬,,dg@nanl.gov.bd,"আরকাইভস ও গ্রন্থাগার অধিদপ্তর, ৩২, বিচারপতি এস.এম. মোর্শেদ সরণি, আগারগাঁও, শেরে বাংলা নগর, ঢাকা-১২০৭, বাংলাদেশ।",https://objectstorage.ap-dcc-gazipur-1.oraclecloud15.com/n/axvjbnqprylg/b/V2Ministry/o/office-nanl/2024/12/68db6df5c0b947a99cda904d4fa03d9e.jpeg,https://nanl.gov.bd/views/info-officers,2026-09-30
সংস্কৃতি বিষয়ক মন্ত্রণালয়,সংস্কৃতি বিষয়ক মন্ত্রণালয়,গণগ্রন্থাগার অধিদপ্তর,মোঃ শহীদুল আলম,লাইব্রেরিয়ান,৫৮৬১৭০১২,০১৯১১৩৯৯৩৬৩,shaheedulalam25@gmail.com,গণগ্রন্থাগার অধিদপ্তর,https://objectstorage.ap-dcc-gazipur-1.oraclecloud15.com/n/axvjbnqprylg/b/V2Ministry/o/office-publiclibrary/2024/12/e8173143ba48482792df6997852dc94d.jpg,মোঃ অহিদুজ্জামান,সহকারী লাইব্রেরিয়ান,০১৭১৭৪৭৩১০৫,০১৭১৭৪৭৩১০৫,wahiduzzaman.dpl@gmail.com,"গণগ্রন্থাগারঅধিদপ্তর, শাহবাগ, ঢাকা",https://objectstorage.ap-dcc-gazipur-1.oraclecloud15.com/n/axvjbnqprylg/b/V2Ministry/o/office-publiclibrary/2024/12/dd8b3bda3327441f90a3cbd1c0848bfb.png,মোঃ আবুবকর সিদ্দিক,মহাপরিচালক (অতিরিক্ত সচিব),+৮৮-০২- ৯৬৭১২৩৪,+৮৮-০১৯৫৭৪৭৫০৯৫,dg.dpl.2012@gmail.com,"গণগ্রন্থাগার অধিদপ্তর, শাহবাগ, ঢাকা",https://objectstorage.ap-dcc-gazipur-1.oraclecloud15.com/n/axvjbnqprylg/b/V2Ministry/o/office-publiclibrary/2024/12/3b77673836fa42edad97bcf35fd8fb25.jpg,https://publiclibrary.gov.bd/views/info-officers,2026-09-30
সংস্কৃতি বিষয়ক মন্ত্রণালয়,সংস্কৃতি বিষয়ক মন্ত্রণালয়,প্রত্নতত্ত্ব অধিদপ্তর,হাসিবুল হাসান সুমি,সহকারী পরিচালক (চ. দা.),,+৮৮০-১৭১৮৭৮৭৯৪৪,hasanhasibul04@gmail.com,"কক্ষ নং- ৭০৯, ৭ম তলা, প্রত্নসম্পদ ও সংরক্ষণ শাখা, প্রত্নতত্ত্ব অধিদপ্তর, প্রত্নতত্ত্ব ভবন, এফ-৪/এ, আগারগাঁও প্রশাসনিক এলাকা, শেরেবাংলা নগর, ঢাকা- ১২০৭",https://objectstorage.ap-dcc-gazipur-1.oraclecloud15.com/n/axvjbnqprylg/b/V2Ministry/o/office-archaeology/2024/12/4f530019e1cd41db91805ae051cca3be.jpeg,তানিয়া সুলতানা,সহকারী পরিচালক (প্রশাসন),+৮৮০-২-৪১০২৪৬৩২,+৮৮০-১৬৮২১৩১৯৮৪,sultanatania1986@gmail.com,"কক্ষ নং- ৬০৮, প্রশাসন শাখা, প্রত্নতত্ত্ব অধিদপ্তর, প্রত্নতত্ত্ব ভবন, এফ-৪/এ, আগারগাঁও প্রশাসনিক এলাকা, শেরেবাংলা নগর, ঢাকা- ১২০৭",https://objectstorage.ap-dcc-gazipur-1.oraclecloud15.com/n/axvjbnqprylg/b/V2Ministry/o/office-archaeology/2024/12/2a42621e151749d6b51485194f854419.jpg,খলিল আহমদ,সচিব,+৮৮০-২-২২৩৩৫৬৫৩৪,,secretary@moca.gov.bd,"সংস্কৃতি বিষয়ক মন্ত্রণালয়, ১১তম তলা, বাংলাদেশ সচিবালয়, ঢাকা",https://objectstorage.ap-dcc-gazipur-1.oraclecloud15.com/n/axvjbnqprylg/b/V2Ministry/o/office-archaeology/2024/12/8ee22ed2bc4c44fc94d5a22a629bc28c.jpeg,https://archaeology.gov.bd/views/info-officers,2026-09-30
সংস্কৃতি বিষয়ক মন্ত্রণালয়,সংস্কৃতি বিষয়ক মন্ত্রণালয়,সংস্কৃতি বিষয়ক মন্ত্রণালয়,মুঃ বিল্লাল হোসেন খান (১৫৩১১),যুগ্মসচিব (সংসদ ও আইন),০২-৫৫১০০৪৯৪,০১৫৫৪৩২০৮৪৬,js_law@moca.gov.bd,সংস্কৃতি বিষয়ক মন্ত্রণালয়,https://objectstorage.ap-dcc-gazipur-1.oraclecloud15.com/n/axvjbnqprylg/b/V2Ministry/o/office-moca/2024/12/a55f1d97335b416892911633a64cd44f.jpg,আইরীন ফারজানা (১৫৪৭৩),যুগ্মসচিব (অনুষ্ঠান),০২-২২৩৩৯০৬৬৫,০১৭১২২৯২৭৮৭,event.section@moca.gov.bd,সংস্কৃতি বিষয়ক মন্ত্রণালয়,https://objectstorage.ap-dcc-gazipur-1.oraclecloud15.com/n/axvjbnqprylg/b/V2Ministry/o/office-moca/2024/12/eb066f57a5b642e29c54d360c36f90e6.jpg,ইয়াসমিন বেগম (৬৫৪০),সচিব,০২-২২৩৩৫৬৫৩৪,,secretary@moca.gov.bd,সংস্কৃতি বিষয়ক মন্ত্রণালয়,https://objectstorage.ap-dcc-gazipur-1.oraclecloud15.com/n/axvjbnqprylg/b/V2Ministry/o/office-moca/2026/8/5511db9e-c1b9-4b65-9c4c-d60707383271.png,https://moca.gov.bd/views/info-officers,2026-09-29
সড়ক পরিবহন ও সেতু মন্ত্রণালয়,সড়ক পরিবহন ও মহাসড়ক বিভাগ,ঢাকা ম্যাস ট্রানজিট কোম্পানি লিমিটেড (ডিএমটিসিএল),মো: আহসান উল্লাহ শরিফী,(উপসচিব) উপ প্রকল্প পরিচালক (গণসংযোগ),,+৮৮০১৩৩২৮১৮৫২৭,dpdprl6@dmtcl.gov.bd,ঢাকা ম্যাস র‌্যাপিড ট্রানজিট ডেভেলপমেন্ট প্রজেক্ট (লাইন-৬),https://objectstorage.ap-dcc-gazipur-1.oraclecloud15.com/n/axvjbnqprylg/b/V2Ministry/o/office-dmtcl/2024/12/d3e45acb6666449eb17cf6187f6b7944.jpg,মোঃ আবু হাসান সিদ্দিক,(উপসচিব) উপ প্রকল্প পরিচালক (গণসংযোগ),০২-৪১০৯১৮০৭,০১৭২৫২৯৬৬৪৮,dpdprmrt1@dmtcl.gov.bd,ঢাকা ম্যাস র‌্যাপিড ট্রানজিট ডেভেলপমেন্ট প্রজেক্ট (লাইন-১),https://objectstorage.ap-dcc-gazipur-1.oraclecloud15.com/n/axvjbnqprylg/b/V2Ministry/o/office-dmtcl/2026/5/f0b8fd0b-44bb-4e02-ac15-3d11c9da3ad3.jpeg,মোঃ শাওগাতুল আলম,ব্যবস্থাপনা পরিচালক (অতিরিক্ত সচিব),০২৫৫৬৬৯০০৭,০১৭৩১৬৫৮২৮৪,md@dmtcl.gov.bd,ঢাকা ম্যাস ট্রানজিট কোম্পানি লিমিটেড,https://objectstorage.ap-dcc-gazipur-1.oraclecloud15.com/n/axvjbnqprylg/b/V2Ministry/o/office-dmtcl/2026/4/b12886bc-757d-4e94-9058-cab55ba68773.jpg,https://dmtcl.gov.bd/views/info-officers,2026-09-29
সড়ক পরিবহন ও সেতু মন্ত্রণালয়,সড়ক পরিবহন ও মহাসড়ক বিভাগ,বাংলাদেশ সড়ক পরিবহন কর্তৃপক্ষ,রুবাইয়াৎ-ই-আশিক,পরিচালক (অডিট ও আইন) (যুগ্মসচিব) [সিনিয়র স্টাফ কোর্স প্রশিক্ষণে],,,dal@brta.gov.bd,অডিট ও আইন উইং,https://objectstorage.ap-dcc-gazipur-1.oraclecloud15.com/n/axvjbnqprylg/b/V2Ministry/o/office-brta/2024/12/3007af32645141bca09d37f3b3e9b8fd.JPG,তানভীর আহমেদ সিদ্দিকী,উপপরিচালক (আইন),+৮৮-০২-৫৫০৪০৭২৩,০১৫৩১৩৭২৪৯২,ddlaw@brta.gov.bd,আইন শাখা,https://objectstorage.ap-dcc-gazipur-1.oraclecloud15.com/n/axvjbnqprylg/b/V2Ministry/o/office-brta/2024/12/20f1f99cf0b94ddf88c2d194c32186ad.jpg,ড. মোহাম্মদ জিয়াউল হক (৬৪০২),সচিব,৮৮-০২-৯৫১১১২২,,secretary@rthd.gov.bd,সড়ক পরিবহন ও মহাসড়ক বিভাগ,https://objectstorage.ap-dcc-gazipur-1.oraclecloud15.com/n/axvjbnqprylg/b/V2Ministry/o/office-rthd/2026/1/ce300e3f-5a9d-4376-a17d-616593d760e8.jpeg,https://brta.gov.bd/views/info-officers,2026-09-29
সড়ক পরিবহন ও সেতু মন্ত্রণালয়,সড়ক পরিবহন ও মহাসড়ক বিভাগ,বাংলাদেশ সড়ক পরিবহন কর্পোরেশন,,,,,,,,,,,,,,,,,,,,,,https://brtc.gov.bd/views/info-officers,2026-09-28
সড়ক পরিবহন ও সেতু মন্ত্রণালয়,সড়ক পরিবহন ও মহাসড়ক বিভাগ,সড়ক ও জনপথ অধিদপ্তর,"কে, এম, নূর-ই আলম",তত্ত্বাবধায়ক প্রকৌশলী,০২-৮৮৭৯৩৩২,০১৭৩০৭৮২৫১২,rti@rhd.gov.bd,"এমআইএস এন্ড এস্টেটস সার্কেল সড়ক ভবন, তেজগাঁও, ঢাকা।",https://objectstorage.ap-dcc-gazipur-1.oraclecloud15.com/n/axvjbnqprylg/b/V2Ministry/o/office-rhd/2024/12/bb95c5f62b014ec197669f984005f209.png,মোহাম্মদ মাহবুব আলম,নির্বাহী প্রকৌশলী,০২-৮৮৭৯৩২৪,০১৭৩০৭৮২৫০৭,rti@rhd.gov.bd,"তদন্ত বিভাগ সড়ক ভবন, তেজগাঁও, ঢাকা-১২০৮",,,,,,,,,https://rhd.portal.gov.bd/views/info-officers,2026-09-29
সড়ক পরিবহন ও সেতু মন্ত্রণালয়,সড়ক পরিবহন ও মহাসড়ক বিভাগ,সড়ক পরিবহন ও মহাসড়ক বিভাগ,সুলতানা রাজিয়া (১৫৬৭০),যুগ্মসচিব,০২৯৫১৩৬৮৮,০১৭১১৭৮৪৫৭২,law.branch@rthd.gov.bd,আইন অধিশাখার অতিরিক্ত দায়িত্ব ও আইসিটি অধিশাখা সংক্রান্ত যাবতীয় কার্যাবলীর দায়িত্ব),https://objectstorage.ap-dcc-gazipur-1.oraclecloud15.com/n/axvjbnqprylg/b/V2Ministry/o/office-rthd/2024/12/208ac633223d41faa230d875ba680977.jpg,মিজ্ সুষমা সুলতানা (১৬০২৫),উপসচিব,৮৮-০২-২৩৩৫৫২৪,০১৭১৭৭৫৭৮৭৪,hcourt.sec@rthd.gov.bd,উচ্চ আদালত শাখা (অধ:স্তন আদালত ও ট্রাইব্যুনাল শাখার অতিরিক্ত দায়িত্ব),https://objectstorage.ap-dcc-gazipur-1.oraclecloud15.com/n/axvjbnqprylg/b/V2Ministry/o/office-rthd/2026/6/425575f9-6f3a-47a8-a2d6-6aff1777ec80.jpeg,ড. মোহাম্মদ জিয়াউল হক (৬৪০২),সচিব,৮৮-০২-৯৫১১১২২,,secretary@rthd.gov.bd,সড়ক পরিবহন ও মহাসড়ক বিভাগ,https://objectstorage.ap-dcc-gazipur-1.oraclecloud15.com/n/axvjbnqprylg/b/V2Ministry/o/office-rthd/2026/1/ce300e3f-5a9d-4376-a17d-616593d760e8.jpeg,https://rthd.gov.bd/views/info-officers,2026-09-29
সড়ক পরিবহন ও সেতু মন্ত্রণালয়,সড়ক পরিবহন ও সেতু মন্ত্রণালয়,সড়ক পরিবহন ও সেতু মন্ত্রণালয়,,,,,,,,,,,,,,,,,,,,,,https://mortb.gov.bd/views/info-officers,2026-09-28
সড়ক পরিবহন ও সেতু মন্ত্রণালয়,সেতু বিভাগ,বাংলাদেশ সেতু কর্তৃপক্ষ,মো: হাবিবুর রহমান (১৫৫৭০),অতিরিক্ত পরিচালক (প্রশাসন) ও উপসচিব,+৮৮০২৫৫০৫৮০০৭,০১৭১১০৪৭৯৩১,addldir-admin@bba.gov.bd,"সেতু ভবন, নিউ এয়ারপোর্ট রোড,বনানী, ঢাকা।",https://objectstorage.ap-dcc-gazipur-1.oraclecloud15.com/n/axvjbnqprylg/b/V2Ministry/o/office-bba/2026/1/dc316928-f730-4f01-9c10-5c1cd9fdcc77.jpeg,মোঃ মিজানুর রহমান,অতিরিক্ত পরিচালক (অর্থ ও হিসাব),+৮৮০২৫৫০৫৮০১০,০১৭০০৭১৬৩২২,addldir-fa@bba.gov.bd,"সেতু ভবন, নিউ এয়ারপোর্ট রোড,বনানী, ঢাকা।",https://objectstorage.ap-dcc-gazipur-1.oraclecloud15.com/n/axvjbnqprylg/b/V2Ministry/o/office-bba/2024/12/2a85c44f1a5e4a2e8777e371e8a7ae80.jpg,মোহাম্মদ আবদুর রউফ (৬০৬৮),সচিব,+৮৮০২৪৮৮১৪৭০৫,০১৭০০৭১৬৩০০,secretary@bridgesdivision.gov.bd,"সেতু বিভাগ, সড়ক পরিবহন ও সেতু মন্ত্রণালয়",https://objectstorage.ap-dcc-gazipur-1.oraclecloud15.com/n/axvjbnqprylg/b/V2Ministry/o/office-bridgesdivision/2024/12/6cbfdc1e0be74e2198056ff0567d349c.jpeg,https://bba.gov.bd/views/info-officers,2026-09-29
সড়ক পরিবহন ও সেতু মন্ত্রণালয়,সেতু বিভাগ,সেতু বিভাগ,ড. ভেনিসা রড্রিক্স (১৫৭২৩),উপসচিব (প্রশাসন অধিশাখা) ও কাউন্সিল অফিসার,০২৫৫০৫৮০২০,০১৭১৫৪৫৯৭৬১,dsadmin@bridgesdivision.gov.bd,"সেতু বিভাগ, সড়ক পরিবহন ও সেতু মন্ত্রণালয়",https://objectstorage.ap-dcc-gazipur-1.oraclecloud15.com/n/axvjbnqprylg/b/V2Ministry/o/office-bridgesdivision/2024/12/fda15d54bfcc4d10a6714957a420ee40.jpeg,মো: খালেদ হোসেন (২২২৫১),উপসচিব (উন্নয়ন অধিশাখা),০২৫৫০৫৮০২১,০১৫৫০১৫৫০৪২,dsdev@bridgesdivision.gov.bd,"সেতু বিভাগ, সড়ক পরিবহন ও সেতু মন্ত্রণালয়",https://objectstorage.ap-dcc-gazipur-1.oraclecloud15.com/n/axvjbnqprylg/b/V2Ministry/o/office-bridgesdivision/2024/12/656da45b54e941a1b6f8fa1aa6b34438.jpeg,মোহাম্মদ আবদুর রউফ (৬০৬৮),সচিব,+৮৮০২৪৮৮১৪৭০৫,০১৭০০৭১৬৩০০,secretary@bridgesdivision.gov.bd,"সেতু বিভাগ, সড়ক পরিবহন ও সেতু মন্ত্রণালয়",https://objectstorage.ap-dcc-gazipur-1.oraclecloud15.com/n/axvjbnqprylg/b/V2Ministry/o/office-bridgesdivision/2024/12/6cbfdc1e0be74e2198056ff0567d349c.jpeg,https://bridgesdivision.gov.bd/views/info-officers,2026-09-30
সমাজকল্যাণ মন্ত্রণালয়,সমাজকল্যাণ মন্ত্রণালয়,সমাজকল্যাণ মন্ত্রণালয়,মিজ্ রোকেয়া বেগম,যুগ্মসচিব,,০১৭১১২৬৫৪০০,jsadmin@msw.gov.bd,"ভবন-৬, বাংলাদেশ সচিবালয়, ঢাকা",https://objectstorage.ap-dcc-gazipur-1.oraclecloud15.com/n/axvjbnqprylg/b/V2Ministry/o/office-msw/2024/12/866aa89d0d4546a29f4be96100869ff3.jpg,মাহমুদা ইয়াছমিন,সহকারী সচিব (প্রতিষ্ঠান শাখা),৯৫৪৬২৮১,+৮৮০ ০১৭৪৬১১১৭০১,yeasminmahmoda@yahoo.com,"ভবন-৬, বাংলাদেশ সচিবালয়, ঢাকা",https://objectstorage.ap-dcc-gazipur-1.oraclecloud15.com/n/axvjbnqprylg/b/V2Ministry/o/office-msw/2024/12/50ec76d32d7d40d08c95c44e89a64c2a.jpg,ড. মোহাম্মদ আবু ইউছুফ,সচিব,+২৫৫১০০৪৫২,,sec@msw.gov.bd,"ভবন-৬, বাংলাদেশ সচিবালয়, ঢাকা",https://objectstorage.ap-dcc-gazipur-1.oraclecloud15.com/n/axvjbnqprylg/b/V2Ministry/o/office-msw/2024/12/1a372172e614491c85f183fdb5cd960d.jpg,https://msw.gov.bd/views/info-officers,2026-09-29
সমাজকল্যাণ মন্ত্রণালয়,সমাজকল্যাণ মন্ত্রণালয়,সমাজসেবা অধিদপ্তর,"এ,কে,এম,আবদুর রহিম ভূঞা","সহকারী পরিচালক(এপিএ, ইনোভেশন ও সেবা সহজীকরণ শাখা)",,+৮৮০১৭১২৬৫১২৫৪,rahim.bhuyain@gmail.com,"সদর কার্যালয়, সমাজসেবা অধিদপ্তর, ঢাকা।",https://objectstorage.ap-dcc-gazipur-1.oraclecloud15.com/n/axvjbnqprylg/b/V2Ministry/o/office-dss/2024/12/d0776ffc0d8f4282b3ebeb4f82d45bca.jpeg,,,,,,,,জনাব মোঃ সাইফুল ইসলাম,"পরিচালক (উপসচিব), প্রশাসন ও অর্থ",+৮৮০২৫৫০০৭০২৩,,director-admin@dss.gov.bd,সমাজসেবা অধিদপ্তর,https://objectstorage.ap-dcc-gazipur-1.oraclecloud15.com/n/axvjbnqprylg/b/V2Ministry/o/office-dss/2026/1/b0f65003-a8f5-433e-8569-8ea50e15aef1.jpeg,https://dss.gov.bd/views/info-officers,2026-09-29
সশস্ত্র বাহিনী বিভাগ,সশস্ত্র বাহিনী বিভাগ,সশস্ত্র বাহিনী বিভাগ,,,,,,,,,,,,,,,,,,,,,,https://afd.gov.bd/views/info-officers,2026-09-25
"স্থানীয় সরকার, পল্লী উন্নয়ন ও সমবায় মন্ত্রণালয়",পল্লী উন্নয়ন ও সমবায় বিভাগ,পল্লী উন্নয়ন ও সমবায় বিভাগ,আহম্মদ এহসান উল হান্নান,উপসচিব (পরিকল্পনা-৩),,+৮৮-০১৭৩২-৫২২৩২৬,plan3.section@rdcd.gov.bd,পল্লী উন্নয়ন ও সমবায় বিভাগ,https://objectstorage.ap-dcc-gazipur-1.oraclecloud15.com/n/axvjbnqprylg/b/V2Ministry/o/office-rdcd/2026/4/597b98b5-9e81-4d69-b3ee-d3d2d87b7ae9.png,মোঃ আবদুর রহিম,সহকারী সচিব (বাজেট শাখা-১),,+৮৮-০১৯২৪-৭২৪০৯৮,budget1.section@rdcd.gov.bd,পল্লী উন্নয়ন ও সমবায় বিভাগ,https://objectstorage.ap-dcc-gazipur-1.oraclecloud15.com/n/axvjbnqprylg/b/V2Ministry/o/office-rdcd/2024/12/a9955e9cf9cc4c45a9eca3dc7a77c561.jpg,ড. রফিকুল ই মোহামেদ (পরিচিতি নং-১৫৪৪),সচিব,+৮৮-০২-৯৫১২২৩২,+৮৮-০১৩২২-৮৭৬৯৯৯,secretary@rdcd.gov.bd,পল্লী উন্নয়ন ও সমবায় বিভাগ,https://objectstorage.ap-dcc-gazipur-1.oraclecloud15.com/n/axvjbnqprylg/b/V2Ministry/o/office-rdcd/2026/7/475dfad9-6ef7-46b0-8bca-25b2582b07b8.jpeg,https://rdcd.gov.bd/views/info-officers,2026-09-29
"স্থানীয় সরকার, পল্লী উন্নয়ন ও সমবায় মন্ত্রণালয়",পল্লী উন্নয়ন ও সমবায় বিভাগ,সমবায় অধিদপ্তর,আব্দুল কাইয়ুম,সহকারী নিবন্ধক (সমন্বয় ও কর্মমূল্যায়ন),,+৮৮-০১৬৮৯৬৭৬৩১২,ar.coordination@coop.gov.bd,সমবায় অধিদপ্তর,https://objectstorage.ap-dcc-gazipur-1.oraclecloud15.com/n/axvjbnqprylg/b/V2Ministry/o/office-coop/2024/12/b7404a2e9d3543c78fbde031c4c5a533.png,মোহাম্মদ ইমরান হাবীব,উপ নিবন্ধক (প্রশাসন),০২৫৮১৫৫৩২৫,০১৮১৩৫৭৩০৩২,dr.admin@coop.gov.bd,"সমবায় অধিদপ্তর, ঢাকা",https://objectstorage.ap-dcc-gazipur-1.oraclecloud15.com/n/axvjbnqprylg/b/V2Ministry/o/office-coop/2024/12/6546f4987fca4f1bb19b1b7646ff045f.png,ড. রফিকুল ই মোহামেদ (পরিচিতি নং-১৫৪৪),সচিব,+৮৮-০২-৯৫১২২৩২,+৮৮-০১৩২২-৮৭৬৯৯৯,secretary@rdcd.gov.bd,পল্লী উন্নয়ন ও সমবায় বিভাগ,https://objectstorage.ap-dcc-gazipur-1.oraclecloud15.com/n/axvjbnqprylg/b/V2Ministry/o/office-rdcd/2026/7/475dfad9-6ef7-46b0-8bca-25b2582b07b8.jpeg,https://coop.gov.bd/views/info-officers,2026-09-30
"স্থানীয় সরকার, পল্লী উন্নয়ন ও সমবায় মন্ত্রণালয়",স্থানীয় সরকার বিভাগ,কুমিল্লা সিটি কর্পোরেশন,মো: মাঈন উদ্দিন চিশতী,নির্বাহী প্রকৌশলী,+৮৮০২৩৩৪৪৩৭১০৭,.০১৭১৬০৬৫১৮৫,mainuddin.cocc@gmail.com,"তৃতীয় তলা , নগর ভবন, কুমিল্লা সিটি কর্পোরেশন কার্যালয়",https://objectstorage.ap-dcc-gazipur-1.oraclecloud15.com/n/axvjbnqprylg/b/V2Ministry/o/office-cocc/2024/12/de4583a5c4fa443ebd755d917cadd9b3.jpg,,,,,,,,মো: ছামছুল আলম,প্রধান নির্বাহী কর্মকর্তা,+৮৮০২৩৩৪৪৩৩৭১০০,,,"দ্বিতীয় তলা , নগর ভবন, কুমিল্লা সিটি কর্পোরেশন কার্যালয়",,https://cocc.portal.gov.bd/views/info-officers,2026-09-29
"স্থানীয় সরকার, পল্লী উন্নয়ন ও সমবায় মন্ত্রণালয়",স্থানীয় সরকার বিভাগ,খুলনা ওয়াসা,ঝুমুর বালা,উপব্যবস্থাপনা পরিচালক (অর্থ ও প্রশাসন),০২৪৭৭৭৯৫০৫৫,,jhumurbala1980@gmail.com,খুলনা ওয়াসা,https://objectstorage.ap-dcc-gazipur-1.oraclecloud15.com/n/axvjbnqprylg/b/V2Ministry/o/office-kwasa/2026/8/5452293e-2497-4b9a-a48a-ed40919ef0e4.png,মাহেরা নাজনীন,সচিব/জেনারেল ম্যানেজার,০২৪৭৭৭৯৫০৬০,,secretarykwasa@gmail.com,খুলনা ওয়াসা,https://objectstorage.ap-dcc-gazipur-1.oraclecloud15.com/n/axvjbnqprylg/b/V2Ministry/o/office-kwasa/2024/12/da184e6fbeba4f18a1b9345ccd07f504.jpeg,মোঃ ফিরোজ শাহ,ব্যবস্থাপনা পরিচালক,০২৪৭৭৭৯৫০৪৮,,mdkwasa2008@gmail.com,খুলনা ওয়াসা,https://objectstorage.ap-dcc-gazipur-1.oraclecloud15.com/n/axvjbnqprylg/b/V2Ministry/o/office-kwasa/2026/4/0476faaa-88f3-4485-94eb-4b0939633192.jpg,https://kwasa.gov.bd/views/info-officers,2026-09-29
"স্থানীয় সরকার, পল্লী উন্নয়ন ও সমবায় মন্ত্রণালয়",স্থানীয় সরকার বিভাগ,জনস্বাস্থ্য প্রকৌশল অধিদপ্তর,জনাব আনোয়ারুজ্জমান,উপ-প্রকল্প পরিচালক,,০১৭৫৪৮৪৭৭৮৮,engranower@gmail.com,সমগ্র দেশে নিরাপদ পানি সরবরাহ প্রকল্প,https://objectstorage.ap-dcc-gazipur-1.oraclecloud15.com/n/axvjbnqprylg/b/V2Ministry/o/office-dphe/2026/7/f2ecf0fb-1206-416c-9637-a4b1f40d818b.jpg,খন্দকার এ এইচ মাহমুদ,প্রোগ্রামার (জি আই এস ইউনিট),০২-৫৫১৩০০৮৮,০১৯১১২৫০৮৯২,postbox0191@yahoo.com,জনস্বাস্থ্য প্রকৌশল অধিদপ্তর,https://objectstorage.ap-dcc-gazipur-1.oraclecloud15.com/n/axvjbnqprylg/b/V2Ministry/o/office-dphe/2024/12/b332a5d219264e79bf3bb569821f7614.jpg,মো: শহীদুল হাসান,সচিব,০২৫৫১০১৩৯৯,,lgsecretary@lgd.gov.bd,স্থানীয় সরকার বিভাগ,https://objectstorage.ap-dcc-gazipur-1.oraclecloud15.com/n/axvjbnqprylg/b/V2Ministry/o/office-lgd/2026/2/082dcd31-ba66-4ec1-a6d5-2d8feb373fcf.jpeg,https://dphe.gov.bd/views/info-officers,2026-09-29
"স্থানীয় সরকার, পল্লী উন্নয়ন ও সমবায় মন্ত্রণালয়",স্থানীয় সরকার বিভাগ,ঢাকা ওয়াসা,নুরুজ্জামান মিয়াজী,উপ-সচিব (চঃ দাঃ),,০১৮৪৯৪৯৯৯৬৫,apu418@gmail.com,ভূমি বিভাগ,https://objectstorage.ap-dcc-gazipur-1.oraclecloud15.com/n/axvjbnqprylg/b/V2Ministry/o/office-dwasa/2026/2/c8d45375-431c-4bfe-8f9d-d853c13d3d5c.jpg,মো: মোকলেছুর রহমান,রাজস্ব কর্মকর্তা ও জোনাল প্রধান (চঃ দাঃ),,০১৫৫০০৭৮৬০৫,moklesur.rahman80@yahoo.com,রাজস্ব জোন - ৫,https://objectstorage.ap-dcc-gazipur-1.oraclecloud15.com/n/axvjbnqprylg/b/V2Ministry/o/office-dwasa/2024/12/fcb3d6ec6f4a4390bfcfa1fc00bdfb44.png,ড. মুহা. মনিরুজ্জামান,ব্যবস্থাপনা পরিচালক,০২-৫৫০১২০২৯,,md@dwasa.org.bd,"ব্যবস্থাপনা পরিচালকের কার্যালয়, ঢাকা ওয়াসা",https://objectstorage.ap-dcc-gazipur-1.oraclecloud15.com/n/axvjbnqprylg/b/V2Ministry/o/office-dwasa/2026/8/a3386a80-0f40-4f40-a348-baffe982087c.jpeg,https://dwasa.gov.bd/views/info-officers,2026-09-29
"স্থানীয় সরকার, পল্লী উন্নয়ন ও সমবায় মন্ত্রণালয়",স্থানীয় সরকার বিভাগ,ঢাকা দক্ষিণ সিটি কর্পোরেশন,,,,,,,,,,,,,,,,,,,,,,https://dhakasouthcity.portal.gov.bd/views/info-officers,2026-09-28
"স্থানীয় সরকার, পল্লী উন্নয়ন ও সমবায় মন্ত্রণালয়",স্থানীয় সরকার বিভাগ,রাজশাহী ওয়াসা,আরও সংক্ষিপ্ত,,,,,,,,,,,,,,,,,,,,,https://rajshahiwasa.portal.gov.bd/views/info-officers,2026-09-29
"স্থানীয় সরকার, পল্লী উন্নয়ন ও সমবায় মন্ত্রণালয়",স্থানীয় সরকার বিভাগ,স্থানীয় সরকার প্রকৌশল অধিদপ্তর,মোঃ শফিকুল ইসলাম,নির্বাহী প্রকৌশলী (চলতি দায়িত্ব),,০১৭০৮১২৩১১৭,xen.admin@lged.gov.bd,নিয়োগ ও পদায়ন শাখা,https://objectstorage.ap-dcc-gazipur-1.oraclecloud15.com/n/axvjbnqprylg/b/V2Ministry/o/office-lged/2026/3/6024d348-b659-4a44-b740-5449c6ade4b6.jpg,মোঃ আমিনুর রহমান,নির্বাহী প্রকৌশলী (চলতি দায়িত্ব),,০১৭১২১৮১০১২,xen.admin.di@lged.gov.bd,শৃংখলা ও তদন্ত শাখা,https://objectstorage.ap-dcc-gazipur-1.oraclecloud15.com/n/axvjbnqprylg/b/V2Ministry/o/office-lged/2026/6/a7fe6ccb-bd3a-43ed-94b5-f79457844fd1.jpg,মো: খলিলুর রহমান (১৫০৩৩),যুগ্মসচিব,০২৫৫১০০৮৩০,,director1@lgd.gov.bd,পরিচালক - ১ অধিশাখা,https://objectstorage.ap-dcc-gazipur-1.oraclecloud15.com/n/axvjbnqprylg/b/V2Ministry/o/office-lgd/2026/8/8300b52f-49b9-4b98-b3b3-4882bf7c0380.jpg,https://lged.gov.bd/views/info-officers,2026-09-29
"স্থানীয় সরকার, পল্লী উন্নয়ন ও সমবায় মন্ত্রণালয়",স্থানীয় সরকার বিভাগ,স্থানীয় সরকার বিভাগ,মুহাম্মদ নজরুল ইসলাম ( ১৫৯৮৭ ),যুগ্মসচিব,০২৯৫১৪৪৭৫,০১৭১১৩৪৫৯৭৩,mebr@lgd.gov.bd,মনিটরিং ও মূল্যায়ন অধিশাখা,https://objectstorage.ap-dcc-gazipur-1.oraclecloud15.com/n/axvjbnqprylg/b/V2Ministry/o/office-lgd/2026/8/d703b4de-f61c-451b-82d5-d392bcbec1fa.jpg,,,,,,,,মো: শহীদুল হাসান,সচিব,০২৫৫১০১৩৯৯,,lgsecretary@lgd.gov.bd,স্থানীয় সরকার বিভাগ,https://objectstorage.ap-dcc-gazipur-1.oraclecloud15.com/n/axvjbnqprylg/b/V2Ministry/o/office-lgd/2026/2/082dcd31-ba66-4ec1-a6d5-2d8feb373fcf.jpeg,https://lgd.gov.bd/views/info-officers,2026-09-29
"স্থানীয় সরকার, পল্লী উন্নয়ন ও সমবায় মন্ত্রণালয়","স্থানীয় সরকার, পল্লী উন্নয়ন ও সমবায় মন্ত্রণালয়","স্থানীয় সরকার, পল্লী উন্নয়ন ও সমবায় মন্ত্রণালয়",,,,,,,,,,,,,,,,,,,,,,https://molgrdc.gov.bd/views/info-officers,2026-09-28
স্বরাষ্ট্র মন্ত্রণালয়,পুলিশ হেডকোয়ার্টার্স বাংলাদেশ পুলিশ,ঢাকা মেট্রোপলিটন পুলিশ,,,,,,,,,,,,,,,,,,,,,,https://dmp.portal.gov.bd/views/info-officers,2026-09-28
স্বরাষ্ট্র মন্ত্রণালয়,স্বরাষ্ট্র মন্ত্রণালয়,ইমিগ্রেশন ও পাসপোর্ট অধিদপ্তর,তারিক সালমান,উপ-পরিচালক,,০১৩২১১৪৪৯৫৯,rpodhakaeast@passport.gov.bd,"আঞ্চলিক পাসপোর্ট অফিস, ঢাকা পূর্ব (আফতাবনগর)",https://objectstorage.ap-dcc-gazipur-1.oraclecloud15.com/n/axvjbnqprylg/b/V2Ministry/o/office-dip/2024/12/de5a4a3903204cb6984918828508be7c.jpg,মোঃ সালেহ উদ্দিন,সহকারি পরিচালক,,,eppabisbasic@passport.gov.bd,"বেসিক ক্লিয়ারেন্স শাখা, পার্সোনালাইজেশন কমপ্লেক্স, উত্তরা",https://objectstorage.ap-dcc-gazipur-1.oraclecloud15.com/n/axvjbnqprylg/b/V2Ministry/o/office-dip/2024/12/a182548e883f4e188a24c819086c0ac6.jpg,মনজুর মোর্শেদ চৌধুরী,সিনিয়র সচিব,+৮৮-০২-২২৩৩৫৩৭১০,,secretary@moha.gov.bd,স্বরাষ্ট্র মন্ত্রণালয়,https://objectstorage.ap-dcc-gazipur-1.oraclecloud15.com/n/axvjbnqprylg/b/V2Ministry/o/office-moha/2026/1/4975f13e-1857-41de-9c26-58e2665d4d17.jpg,https://dip.gov.bd/views/info-officers,2026-09-29
স্বরাষ্ট্র মন্ত্রণালয়,স্বরাষ্ট্র মন্ত্রণালয়,কারা অধিদপ্তর,টিপু সুলতান,কারা উপ-মহাপরিদর্শক (সদর দপ্তর),০২৫-৭৩০০৪০০,০১৭৬৯৯৭০০০৬,dighq@prison.gov.bd,"কারা অধিদপ্তর, ঢাকা।",https://objectstorage.ap-dcc-gazipur-1.oraclecloud15.com/n/axvjbnqprylg/b/V2Ministry/o/office-prison/2026/8/935b6117-5165-4bd0-a922-566c1748b394.jpg,আবুল বাশার,সহকারী কারা মহাপরিদর্শক (প্রশাসন),০২২২৬৬৪৯৯৪৪,০১৭৬৯৯৭০০১০,aig.adm@prison.gov.bd,"কারা অধিদপ্তর, ঢাকা।",https://objectstorage.ap-dcc-gazipur-1.oraclecloud15.com/n/axvjbnqprylg/b/V2Ministry/o/office-prison/2024/12/28e1235aa3374c288dec3c262b0adf34.jpg,মনজুর মোর্শেদ চৌধুরী,সিনিয়র সচিব,+৮৮-০২-২২৩৩৫৩৭১০,,secretary@moha.gov.bd,স্বরাষ্ট্র মন্ত্রণালয়,https://objectstorage.ap-dcc-gazipur-1.oraclecloud15.com/n/axvjbnqprylg/b/V2Ministry/o/office-moha/2026/1/4975f13e-1857-41de-9c26-58e2665d4d17.jpg,https://prison.gov.bd/views/info-officers,2026-09-30
স্বরাষ্ট্র মন্ত্রণালয়,স্বরাষ্ট্র মন্ত্রণালয়,পুলিশ হেডকোয়ার্টার্স বাংলাদেশ পুলিশ,,,,,,,,,,,,,,,,,,,,,,https://police.portal.gov.bd/views/info-officers,2026-09-28
স্বরাষ্ট্র মন্ত্রণালয়,স্বরাষ্ট্র মন্ত্রণালয়,ফায়ার সার্ভিস ও সিভিল ডিফেন্স অধিদপ্তর,মোঃ শহীদ আতাহার হোসেন,পরিচালক (প্রশাসন ও অর্থ),০২২২৩৩৮৭৩১১,০১৯০১০২০০২০,daf@fireservice.gov.bd,"ফায়ার সার্ভিস ও সিভিল ডিফেন্স অধিদপ্তর, ঢাকা।",https://objectstorage.ap-dcc-gazipur-1.oraclecloud15.com/n/axvjbnqprylg/b/V2Ministry/o/office-fireservice/2024/12/ef6926d602654bfb973d62fe3ede8829.jpg,"মোঃ মিজানুর রহমান, বিএফএম",উপপরিচালক (প্রশাসন ও অর্থ),০২২২৩৩৮৭৬৪০,০১৯০১০২০০২২,ddaf@fireservice.gov.bd,"ফায়ার সার্ভিস ও সিভিল ডিফেন্স অধিদপ্তর, ঢাকা।",https://objectstorage.ap-dcc-gazipur-1.oraclecloud15.com/n/axvjbnqprylg/b/V2Ministry/o/office-fireservice/2026/1/cadbfd67-c99d-4f76-9ece-95463cfb6a7e.jpg,মনজুর মোর্শেদ চৌধুরী,সিনিয়র সচিব,+৮৮-০২-২২৩৩৫৩৭১০,,secretary@moha.gov.bd,স্বরাষ্ট্র মন্ত্রণালয়,https://objectstorage.ap-dcc-gazipur-1.oraclecloud15.com/n/axvjbnqprylg/b/V2Ministry/o/office-moha/2026/1/4975f13e-1857-41de-9c26-58e2665d4d17.jpg,https://fireservice.gov.bd/views/info-officers,2026-09-30
স্বরাষ্ট্র মন্ত্রণালয়,স্বরাষ্ট্র মন্ত্রণালয়,বর্ডার গার্ড বাংলাদেশ,মোঃ শরিফুল ইসলাম,জনসংযোগ কর্মকর্তা,০২৯৬৫০৩৩৮,০১৭৬৯৬০০৩৩৮,probgb@gmail.com,বিজিবি সদর দপ্তর,https://objectstorage.ap-dcc-gazipur-1.oraclecloud15.com/n/axvjbnqprylg/b/V2Ministry/o/office-bgb/2024/12/bf3e1c2c1c1b416a891f2b4ce8fb6e63.jpg,মোঃ দেলোয়ার হোসেন,সহকারী পরিচালক,৯৬৫০৬১৮,০১৭৬৯৬০০৬১৮,asstdirplg@bgb.gov.bd,"সদর দপ্তর বিজিবি, পিলখানা, ঢাকা",https://objectstorage.ap-dcc-gazipur-1.oraclecloud15.com/n/axvjbnqprylg/b/V2Ministry/o/office-bgb/2024/12/a51ac5cfb9964714bab5832e218450f5.JPG,"ব্রিগেডিয়ার জেনারেল মোঃ জাহাঙ্গীর আলম, বিপিএম, এনডিসি, এএফডব্লিউসি, পিএসসি",অতিরিক্ত মহাপরিচালক (জিএস শাখা),০২৯৬৫০১১০,০১৭৬৯৬০০১১০,adgot@bgb.gov.bd,"সদর দপ্তর বিজিবি, পিলখানা, ঢাকা",https://objectstorage.ap-dcc-gazipur-1.oraclecloud15.com/n/axvjbnqprylg/b/V2Ministry/o/office-bgb/2024/12/57b89e1fbf604910b656613dba069e41.jpg,https://bgb.gov.bd/views/info-officers,2026-09-30
স্বরাষ্ট্র মন্ত্রণালয়,স্বরাষ্ট্র মন্ত্রণালয়,বাংলাদেশ আনসার ও গ্রাম প্রতিরক্ষা বাহিনী,জনাব মোঃ আশিকউজ্জামান,উপপরিচালক (প্রকল্প প্রশিক্ষণ) ও গণসংযোগ কর্মকর্তা (অতি: দায়িত্ব),০২৪৭২১৪৯৩৩,০১৭৩০০৩৮২৬১,mcoansarvdp@gmail.com,আনসার ও ভিডিপি সদর দপ্তর,https://objectstorage.ap-dcc-gazipur-1.oraclecloud15.com/n/axvjbnqprylg/b/V2Ministry/o/office-ansarvdp/2024/12/cc16fc2339bb4e0fbded9441fae0dff0.jpg,মোঃ সিহাবুর রহমান,সার্কেল অ্যাডজুট্যান্ট(এসএমটি) সংযুক্ত গণসংযোগ শাখা,০২৪৭২১৪৯৩৩,০১৭৩০০৯৪১৬৫,mdshihaburrahman40@gmail.com,আনসার ও ভিডিপি সদর দপ্তর,,"মেজর জেনারেল আবদুল মোতালেব সাজ্জাদ মাহমুদ, এসজিপি, এনডিইউ, এএফডব্লিউসি, পিএসসি","মহাপরিচালক, আনসার ও ভিডিপি",০২৪৭২১৪৪২২,০১৭৩০০৩৮০০০,,আনসার ও ভিডিপি সদর দপ্তর,https://objectstorage.ap-dcc-gazipur-1.oraclecloud15.com/n/axvjbnqprylg/b/V2Ministry/o/office-ansarvdp/2024/12/20deeab2cb91424692092640f268c999.jpg,https://ansarvdp.gov.bd/views/info-officers,2026-09-29
স্বরাষ্ট্র মন্ত্রণালয়,স্বরাষ্ট্র মন্ত্রণালয়,বাংলাদেশ কোস্ট গার্ড,"কমান্ডার আবু সাদিক মোহাম্মদ শফিক উদ্দীন, (শিক্ষা), বিসিজিএমএস, বিএন",জনসংযোগ কর্মকর্তা,+৮৮-০২-৮১৮১৭৬২,০১৭৬৯৪৪০০৪০,jag@coastguard.gov.bd,সদর দপ্তর,,"লেঃ রাফিদ-আস-সামি, (এক্স), বিএন",সহকারী পরিদর্শন ও মাননিয়ন্ত্রন বিভাগ,,০১৭৬৯৪৪০৮০৪,ad_ciqc@coastguard.gov.bd,সদর দপ্তর,,"Rear Admiral Md Ziaul Hoque, OSP, ndc, afwc, psc",Director General,,,,Headquarters,,https://coastguard.gov.bd/views/info-officers,2026-09-29
স্বরাষ্ট্র মন্ত্রণালয়,স্বরাষ্ট্র মন্ত্রণালয়,মাদকদ্রব্য নিয়ন্ত্রণ অধিদপ্তর,রাজিব মিনা,উপ পরিচালক (প্রশাসন),+৮৮০২২২৬-৬৬৪৭০৭,০১৭১১০৪৪৫০৫,ddadmin@dnc.gov.bd,"প্রধান কার্যালয়, মাদকদ্রব্য নিয়ন্ত্রণ অধিদপ্তর",https://objectstorage.ap-dcc-gazipur-1.oraclecloud15.com/n/axvjbnqprylg/b/V2Ministry/o/office-dnc/2024/12/c92309d7cb044f468018439fe052469b.jpeg,মুকুল জ্যোতি চাকমা,উপ পরিচালক (অপারেশনস),+৮৮০২২২৬-৬৬৫১১৭,০১৭১১১০৫৭৩৯,ddoperation@dnc.gov.bd,"প্রধান কার্যালয়, মাদকদ্রব্য নিয়ন্ত্রণ অধিদপ্তর",https://objectstorage.ap-dcc-gazipur-1.oraclecloud15.com/n/axvjbnqprylg/b/V2Ministry/o/office-dnc/2024/12/9adb933e44ab4cdf900f6133ebfd64a9.jpeg,মনজুর মোর্শেদ চৌধুরী,সিনিয়র সচিব,+৮৮-০২-২২৩৩৫৩৭১০,,secretary@moha.gov.bd,স্বরাষ্ট্র মন্ত্রণালয়,https://objectstorage.ap-dcc-gazipur-1.oraclecloud15.com/n/axvjbnqprylg/b/V2Ministry/o/office-moha/2026/1/4975f13e-1857-41de-9c26-58e2665d4d17.jpg,https://dnc.gov.bd/views/info-officers,2026-09-29
স্বরাষ্ট্র মন্ত্রণালয়,স্বরাষ্ট্র মন্ত্রণালয়,স্বরাষ্ট্র মন্ত্রণালয়,মো: তোফায়েল হোসেন (১৬২৯৪),উপসচিব ( প্রশাসন-১ শাখা),+৮৮-০২-২২৩৩৫৪৫২১,০১৭১২০৬৩০৮৯,admin1@moha.gov.bd,স্বরাষ্ট্র মন্ত্রণালয়,https://objectstorage.ap-dcc-gazipur-1.oraclecloud15.com/n/axvjbnqprylg/b/V2Ministry/o/office-moha/2026/5/971da9f9-1b78-41ce-ba8a-24aec411846a.jpg,নাসরীন সুলতানা (১৬২১৮),উপসচিব (পুলিশ-৪ শাখা),+৮৮-০২-৪৭১২৪৩৫৭,০১৮১৬৫৯৭৩৮১,police4@moha.gov.bd,স্বরাষ্ট্র মন্ত্রণালয়,https://objectstorage.ap-dcc-gazipur-1.oraclecloud15.com/n/axvjbnqprylg/b/V2Ministry/o/office-moha/2024/12/3c3b4e2eff5347fc821a164dbee05e6e.jpg,মনজুর মোর্শেদ চৌধুরী,সিনিয়র সচিব,+৮৮-০২-২২৩৩৫৩৭১০,,secretary@moha.gov.bd,স্বরাষ্ট্র মন্ত্রণালয়,https://objectstorage.ap-dcc-gazipur-1.oraclecloud15.com/n/axvjbnqprylg/b/V2Ministry/o/office-moha/2026/1/4975f13e-1857-41de-9c26-58e2665d4d17.jpg,https://moha.gov.bd/views/info-officers,2026-09-30
স্বাস্থ্য ও পরিবার কল্যাণ মন্ত্রণালয়,স্বাস্থ্য ও পরিবার কল্যাণ মন্ত্রণালয়,স্বাস্থ্য ও পরিবার কল্যাণ মন্ত্রণালয়,,,,,,,,,,,,,,,,,,,,,,https://mohfw.gov.bd/views/info-officers,2026-09-28
স্বাস্থ্য ও পরিবার কল্যাণ মন্ত্রণালয়,স্বাস্থ্য শিক্ষা ও পরিবার কল্যাণ বিভাগ,পরিবার পরিকল্পনা অধিদপ্তর,,,,,,,,,,,,,,,,,,,,,,https://dgfp.gov.bd/views/info-officers,2026-09-28
স্বাস্থ্য ও পরিবার কল্যাণ মন্ত্রণালয়,স্বাস্থ্য শিক্ষা ও পরিবার কল্যাণ বিভাগ,স্বাস্থ্য শিক্ষা অধিদপ্তর,অধ্যাপক ডা. মো. মহিউদ্দিন মাতুব্বর,পরিচালক (চিকিৎসা শিক্ষা),,০১৭২৫১৭৬৪৬৯,,"স্বাস্থ্য শিক্ষা অধিদপ্তর, মহাখালী, ঢাকা-১২১২।",https://objectstorage.ap-dcc-gazipur-1.oraclecloud15.com/n/axvjbnqprylg/b/V2Ministry/o/office-dgme/2024/12/d7cc4c76ba3b4ddda29b728ed98626fb.jpg,ডা. মো. আবদুস সালাম,সহকারী পরিচালক (প্রশিক্ষণ),০১৭১১৯০৯৯৭৭,০১৭১১৯০৯৯৭৭,asalam18b@gmail.com,"স্বাস্থ্য শিক্ষা অধিদপ্তর, মহাখালী, ঢাকা-১২১২।",https://objectstorage.ap-dcc-gazipur-1.oraclecloud15.com/n/axvjbnqprylg/b/V2Ministry/o/office-dgme/2024/12/46940488c74045d6a27609618d80cb43.jpg,অধ্যাপক ডা. নাজমুল হোসেন,মহাপরিচালক,,+৮৮ ০১৭১১৫৯৪৯৪৯,dgmeded@gmail.com,"স্বাস্থ্য শিক্ষা অধিদপ্তর, মহাখালী, ঢাকা-১২১২।",https://objectstorage.ap-dcc-gazipur-1.oraclecloud15.com/n/axvjbnqprylg/b/V2Ministry/o/office-dgme/2024/12/9af2554852384d7db0c3bef0da703eb0.jpg,https://dgme.gov.bd/views/info-officers,2026-09-29
স্বাস্থ্য ও পরিবার কল্যাণ মন্ত্রণালয়,স্বাস্থ্য শিক্ষা ও পরিবার কল্যাণ বিভাগ,স্বাস্থ্য শিক্ষা ও পরিবার কল্যাণ বিভাগ,আবুল কালাম আজাদ (১৫৩৭৬),যুগ্মসচিব (প্রকল্প বাস্তবায়ন অধিশাখা),,০১৭১১২৮৮৯৭১,pi@mefwd.gov.bd,স্বাস্থ্য শিক্ষা ও পরিবার কল্যাণ বিভাগ,https://objectstorage.ap-dcc-gazipur-1.oraclecloud15.com/n/axvjbnqprylg/b/V2Ministry/o/office-mefwd/2026/0/282fa398-b46e-414b-b9a6-548bd98efbd9.jpg,মুহাম্মদ মকবুল হোসেন (১৫৭৭৪),যুগ্মসচিব (পার-২ শাখা),,০১৭৬০২২৩৩৮৮,per2@mefwd.gov.bd,স্বাস্থ্য শিক্ষা ও পরিবার কল্যাণ বিভাগ,https://objectstorage.ap-dcc-gazipur-1.oraclecloud15.com/n/axvjbnqprylg/b/V2Ministry/o/office-mefwd/2024/12/a0e1982850804dfe98d28af8d83325ce.jpg,এ কে এম বেনজামিন রিয়াজী (৬৫৩৩),সচিব,২২৩৩৫৪৪৯০,,secretary@mefwd.gov.bd,স্বাস্থ্য শিক্ষা ও পরিবার কল্যাণ বিভাগ,https://objectstorage.ap-dcc-gazipur-1.oraclecloud15.com/n/axvjbnqprylg/b/V2Ministry/o/office-mefwd/2026/8/42e4b385-44a0-4494-9b73-67ecd0e2010d.jpeg,https://mefwd.gov.bd/views/info-officers,2026-09-29
স্বাস্থ্য ও পরিবার কল্যাণ মন্ত্রণালয়,স্বাস্থ্য সেবা বিভাগ,ঔষধ প্রশাসন অধিদপ্তর,,,,,,,,,,,,,,,,,,,,,,https://dgda.gov.bd/views/info-officers,2026-09-28
স্বাস্থ্য ও পরিবার কল্যাণ মন্ত্রণালয়,স্বাস্থ্য সেবা বিভাগ,নার্সিং ও মিডওয়াইফারি অধিদপ্তর,,,,,,,,,,,,,,,,,,,,,,https://dgnm.gov.bd/views/info-officers,2026-09-30
স্বাস্থ্য ও পরিবার কল্যাণ মন্ত্রণালয়,স্বাস্থ্য সেবা বিভাগ,স্বাস্থ্য অধিদপ্তর,,,,,,,,,,,,,,,,,,,,,,https://dghs.gov.bd/views/info-officers,2026-09-28
স্বাস্থ্য ও পরিবার কল্যাণ মন্ত্রণালয়,স্বাস্থ্য সেবা বিভাগ,স্বাস্থ্য প্রকৌশল অধিদপ্তর,,,,,,,,,,,,,,,,,,,,,,https://hed.gov.bd/views/info-officers,2026-09-30
স্বাস্থ্য ও পরিবার কল্যাণ মন্ত্রণালয়,স্বাস্থ্য সেবা বিভাগ,স্বাস্থ্য সেবা বিভাগ,মোঃ আবু সুফিয়ান,উপসচিব(শৃঙ্খলা -২ শাখা),,০১৭১৭৪৭৩২৪২,,স্বাস্থ্য সেবা বিভাগ,https://objectstorage.ap-dcc-gazipur-1.oraclecloud15.com/n/axvjbnqprylg/b/V2Ministry/o/office-hsd/2026/6/a4ea4803-f84a-4e28-9bf8-ce7f8d20b6a1.jpg,স্নেহাশীষ দাশ,উপসচিব( স্বাস্থ্য-৪ শাখা),,০১৭১১৭০১৭৫৭,health4@hsd.gov.bd,স্বাস্থ্য সেবা বিভাগ,https://objectstorage.ap-dcc-gazipur-1.oraclecloud15.com/n/axvjbnqprylg/b/V2Ministry/o/office-hsd/2024/12/96f0a72cfae44a34adc2e79cc51e4fa7.jpg,ড. আ. ন. ম. বজলুর রশীদ,সচিব,০২-২২৩৩৫৭১৯৯,,secretary@hsd.gov.bd,স্বাস্থ্য সেবা বিভাগ,https://objectstorage.ap-dcc-gazipur-1.oraclecloud15.com/n/axvjbnqprylg/b/V2Ministry/o/office-hsd/2026/8/ed1c2e2f-8270-4616-a29d-4a5099fc9224.jpg,https://hsd.gov.bd/views/info-officers,2026-09-30